SampleID	Actinomycetes	Alphaproteobacteria	Bacilli	Bacteroidia	Betaproteobacteria	Candidatus_Nanosyncoccalia	Candidatus_Saccharimonadia	CFGB1011	CFGB1126	CFGB11739	CFGB12107	CFGB1217	CFGB1260	CFGB1262	CFGB1292	CFGB1296	CFGB1306	CFGB1347	CFGB1354	CFGB1359	CFGB1374	CFGB1380	CFGB14224	CFGB1474	CFGB14936	CFGB1539	CFGB1765	CFGB1785	CFGB2106	CFGB2404	CFGB2412	CFGB27697	CFGB2834	CFGB28369	CFGB2838	CFGB2839	CFGB2875	CFGB2880	CFGB2881	CFGB2889	CFGB2890	CFGB2893	CFGB28941	CFGB2898	CFGB2906	CFGB2915	CFGB2917	CFGB2918	CFGB2919	CFGB2920	CFGB2928	CFGB2930	CFGB2937	CFGB2952	CFGB2957	CFGB2959	CFGB2960	CFGB2982	CFGB2992	CFGB2997	CFGB3002	CFGB3004	CFGB3009	CFGB3011	CFGB3012	CFGB3023	CFGB30287	CFGB3034	CFGB3038	CFGB3041	CFGB3043	CFGB3047	CFGB3048	CFGB3054	CFGB3057	CFGB3062	CFGB3070	CFGB32310	CFGB3625	CFGB36777	CFGB38642	CFGB39998	CFGB40326	CFGB41334	CFGB41726	CFGB4355	CFGB4405	CFGB45503	CFGB45631	CFGB4605	CFGB4616	CFGB48199	CFGB49339	CFGB49665	CFGB49681	CFGB67123	CFGB72728	CFGB72899	CFGB72924	CFGB72939	CFGB73144	CFGB73178	CFGB73497	CFGB74971	CFGB7709	CFGB77202	CFGB77220	CFGB77385	CFGB77988	CFGB78183	CFGB78291	CFGB78699	CFGB79170	CFGB79291	CFGB79315	CFGB79330	CFGB82250	CFGB82363	CFGB84092	CFGB84486	CFGB84669	CFGB88346	CFGB88349	CFGB88381	CFGB88510	CFGB89158	CFGB92029	CFGB92040	CFGB9272	CFGB9345	CFGB93743	CFGB93792	CFGB93799	CFGB93803	CFGB93863	CFGB9429	CFGB94449	CFGB94585	CFGB94588	CFGB94683	CFGB94730	CFGB94733	CFGB94741	CFGB94768	CFGB94810	CFGB94833	CFGB9491	CFGB95106	CFGB95121	CFGB95145	CFGB9644	CFGB9660	CFGB9718	CFGB9989	Clostridia	Coriobacteriia	Desulfovibrionia	Epsilonproteobacteria	Erysipelotrichia	Flavobacteriia	Fusobacteriia	Gammaproteobacteria	Negativicutes	Opitutia	Synergistia	Tissierellia	Unclassified	UNCLASSIFIED	Verrucomicrobiia
D13004D15	248732	0	45806209	110332	0	0	0	0	0	0	0	0	0	0	0	0	0	0	0	0	0	0	0	0	0	0	0	0	0	0	0	0	0	0	0	0	0	0	0	0	0	0	0	0	0	0	0	0	0	0	0	0	0	0	0	0	0	0	0	0	0	0	0	0	0	0	0	0	0	0	0	0	0	0	0	0	0	0	0	0	0	0	0	0	0	0	0	0	0	0	0	0	0	0	0	0	0	0	0	0	0	0	0	0	0	0	0	0	0	0	0	0	0	0	0	0	0	0	0	0	0	0	0	0	0	0	0	0	0	0	0	0	0	0	0	0	0	0	0	0	0	0	0	0	0	0	0	0	0	0	0	0	0	0	159016	7675	0	0	0	0	0	42547	14334	0	0	0	0	279534	0
D13004D384	175408	0	379167	108710	0	0	0	0	0	0	0	0	0	0	0	0	0	0	0	0	0	0	0	0	0	0	0	0	0	0	0	0	0	0	0	0	0	0	0	0	0	0	0	0	0	0	0	0	0	0	0	0	0	0	0	0	0	0	0	0	0	0	0	0	45395	0	0	0	0	0	0	0	0	0	16165	0	0	0	0	0	0	0	260744	0	0	0	0	0	0	0	0	0	0	0	0	0	0	0	0	0	0	0	0	0	0	0	0	0	0	0	0	0	0	0	0	0	0	0	40163	0	0	0	0	0	0	0	0	0	0	0	0	0	0	0	0	0	0	0	0	0	0	0	0	0	0	0	9417	0	0	0	248416	0	0	0	34062318	20472	244707	0	2433853	0	0	2894532	1837606	0	0	0	3906079	266076	16768
D13004D46	843210	0	541528	24682	0	0	0	0	0	0	0	0	0	0	0	0	0	0	0	0	0	0	0	0	0	0	0	0	0	0	0	0	0	0	0	0	0	0	0	0	0	0	0	0	0	0	0	0	0	0	0	0	0	0	0	0	0	0	0	0	0	0	0	0	1847106	0	0	0	0	0	0	0	0	0	0	0	0	0	0	0	0	0	0	0	0	0	0	0	0	0	0	0	0	0	0	0	0	0	0	0	0	0	0	0	0	0	0	0	0	0	0	0	0	0	0	0	0	0	0	0	0	0	0	0	0	0	0	0	0	0	0	0	0	0	0	0	0	0	0	0	0	0	0	0	0	0	0	0	0	0	0	0	0	0	45084079	21358	0	257224	2308528	0	0	340944	576502	0	0	0	4721540	2883189	10586
D13004D7	4693852	0	2100390	338267	0	0	0	0	0	0	0	0	0	0	0	0	0	0	0	0	0	0	0	0	0	0	0	0	0	0	0	0	0	0	0	0	0	0	0	0	0	0	0	0	0	0	0	0	0	0	0	0	0	0	0	0	0	0	0	0	0	0	0	0	0	0	0	0	0	0	0	0	0	0	0	0	0	0	0	0	0	0	0	0	0	0	0	0	0	0	0	0	0	0	0	0	0	0	0	0	0	0	0	0	0	0	0	0	0	0	0	0	0	0	0	0	0	0	0	0	0	0	0	0	0	0	0	0	0	0	0	0	0	0	0	0	0	0	0	0	0	0	0	0	0	0	0	0	0	0	0	0	0	0	483942	51107	0	0	27417	0	0	0	92580	0	0	14641	0	33355659	0
D17010D15	144771	0	141469	726244	0	0	0	0	0	0	0	0	0	0	0	0	0	0	0	0	0	0	0	0	0	0	0	0	0	0	0	0	0	0	0	0	0	0	0	0	0	0	0	0	0	0	0	0	0	0	0	0	0	0	0	0	0	0	0	0	0	0	0	0	0	0	0	0	0	0	0	0	0	0	0	0	0	0	0	0	0	0	0	0	0	0	0	0	0	0	0	0	0	0	0	0	0	0	0	0	0	0	0	0	0	0	0	0	0	0	0	0	0	0	0	0	0	0	0	0	0	0	0	0	0	0	0	0	0	0	0	0	0	0	0	0	0	0	0	0	0	0	0	0	0	0	0	0	0	0	0	0	0	0	25120167	20272	0	0	2443848	0	0	46716	314117	0	0	0	6922830	10895273	0
D17010D2	80639	0	623366	2734348	0	0	0	0	0	0	0	0	0	0	9096	0	0	0	0	0	0	0	0	0	0	0	0	0	0	0	0	0	0	0	0	0	0	0	0	0	0	0	0	0	0	0	0	0	0	0	0	0	0	0	0	0	0	0	0	0	0	0	0	0	0	0	0	0	0	0	0	0	0	0	0	0	0	0	0	0	0	0	0	0	0	0	0	0	0	0	0	0	0	0	0	0	0	0	0	0	0	0	0	0	0	0	0	0	0	0	0	0	0	0	0	0	0	0	0	0	0	0	0	0	0	0	0	0	0	0	0	0	0	0	0	0	0	0	0	0	0	0	0	0	0	0	0	0	0	0	0	0	0	0	24424917	1605624	0	0	1135355	0	0	17350	1579661	0	0	17206	1403570	12330020	10255
D17010D22	259061	0	824537	2687371	7319	0	0	0	0	0	0	0	0	0	18529	0	0	0	0	0	17857	0	0	0	0	0	0	0	0	0	0	0	0	0	0	0	0	0	0	0	0	0	0	0	0	0	0	0	0	0	0	0	0	0	0	0	0	0	0	0	13142	0	0	0	0	0	0	0	0	0	0	0	0	0	37233	0	0	0	0	0	0	0	0	0	0	0	0	0	0	0	0	0	0	0	0	0	0	0	0	0	0	0	0	0	0	0	0	0	0	0	0	0	0	0	0	10965	0	0	0	8573	0	0	0	0	0	0	0	0	0	0	0	0	0	0	0	0	0	0	0	0	0	0	0	0	0	0	6139	0	0	0	0	0	0	0	71455044	1098905	0	0	6496065	0	0	1253592	813539	0	0	18178	2202022	24732573	440627
D17010D31	133347	0	140659	15089177	0	0	0	0	0	0	0	0	0	0	12806	0	0	0	0	0	0	0	0	0	0	0	0	0	0	0	0	0	6990	0	0	0	0	0	0	0	0	0	0	0	0	0	0	0	0	0	0	0	0	0	0	0	0	0	0	0	0	0	0	0	0	0	0	0	0	0	0	0	0	0	0	0	0	0	0	0	0	0	0	0	0	0	0	0	0	0	0	0	0	0	0	0	0	0	0	0	0	0	0	0	0	0	0	0	0	0	0	0	0	0	0	0	0	0	0	0	0	0	0	0	0	0	0	0	0	0	0	0	0	0	0	0	0	0	0	0	0	0	0	0	0	0	0	0	0	0	0	0	0	0	25059466	16921	0	0	2425375	0	0	556975	161769	0	0	0	1775493	11799586	0
D17010D398	136319	0	293384	2772648	0	0	0	0	0	0	0	0	0	0	10927	0	0	0	0	0	0	0	0	0	0	0	638939	0	0	0	0	0	0	0	0	0	0	0	0	0	0	0	0	0	0	0	0	0	0	0	0	0	0	0	0	0	0	0	0	0	0	0	0	0	94709	0	0	0	0	0	0	0	0	0	0	0	0	0	0	0	0	0	0	4368	0	0	0	0	0	0	0	0	0	0	0	0	0	0	0	0	0	0	0	0	0	0	0	0	0	0	0	0	0	0	0	0	0	0	0	0	0	0	0	0	0	0	0	0	0	0	0	0	0	0	0	0	0	0	0	0	0	0	0	0	0	0	28626	0	0	0	0	0	0	0	26292894	6092447	0	21184	811544	0	0	871222	3235571	0	0	45281	1202045	11506259	11052
D17010D64	53217	0	105552	5722363	0	0	0	0	0	0	0	0	0	0	26719	0	0	0	0	0	0	0	0	0	0	0	0	0	0	0	0	0	0	0	0	0	0	0	0	0	0	0	0	0	0	0	0	0	0	0	0	0	0	0	0	0	0	0	0	0	0	0	0	0	0	0	0	0	0	0	0	0	0	0	0	0	0	0	0	0	0	0	0	0	0	0	0	0	0	0	0	0	0	0	0	0	0	0	0	0	0	0	0	0	0	0	8174	0	0	0	0	0	0	0	0	0	0	0	0	0	0	0	0	0	0	0	0	0	0	0	0	0	0	0	0	0	0	0	0	0	0	0	0	0	0	0	0	0	0	0	0	0	0	0	23079580	384769	0	0	4143953	0	0	605957	1168762	0	0	0	1152632	12509565	0
D17010D8	149854	0	308632	735665	0	0	0	0	0	0	0	0	0	0	0	0	0	0	0	0	0	0	0	0	0	0	0	0	0	0	0	0	0	0	0	0	0	0	0	0	0	0	0	0	0	0	0	0	0	0	0	0	0	0	0	0	0	0	0	0	0	0	0	0	0	0	0	0	0	0	0	0	0	0	0	0	0	0	0	0	0	0	0	0	0	0	0	0	0	0	0	0	0	0	0	0	0	0	0	0	0	0	0	0	0	0	0	0	0	0	0	0	0	0	0	0	0	0	0	0	0	0	0	0	0	0	0	0	0	0	0	0	0	0	0	0	0	0	0	0	0	0	0	0	0	0	0	0	0	0	0	0	0	0	22184464	11508	0	0	428503	0	0	36711	461716	0	0	0	5216233	12723454	11825
D17010PRE	24308	0	1061425	6594162	0	0	0	0	0	0	0	0	0	0	0	0	0	0	0	0	0	0	0	0	0	0	0	0	0	0	0	0	0	0	0	0	0	0	0	0	0	0	0	0	0	0	0	0	0	0	0	0	0	0	0	0	0	0	0	0	0	0	0	0	0	0	0	0	0	0	0	0	0	0	0	0	0	0	0	0	0	0	0	0	0	0	0	0	0	0	0	0	0	0	0	0	0	0	0	0	0	0	0	0	0	0	0	0	0	0	0	0	0	0	0	0	0	0	0	0	0	0	0	0	0	0	0	0	0	0	0	0	0	0	0	0	0	0	0	0	0	0	0	0	0	0	0	0	0	0	0	0	0	0	208787	16779	0	0	32273	0	0	16938	5394814	0	0	0	0	14589178	14277
D18423D109	87674	0	5756075	6467744	12547	0	0	6510	0	0	0	0	0	0	42161	0	0	0	0	0	0	0	0	0	0	0	0	0	0	0	0	0	0	0	0	0	0	0	0	0	0	0	0	0	0	0	0	0	0	0	0	0	0	0	0	0	0	0	0	0	0	0	0	0	12024	8053	0	0	0	0	0	0	0	0	0	0	0	0	0	0	0	0	0	0	0	0	0	0	0	0	0	0	0	0	0	0	0	0	0	0	0	0	0	0	0	0	0	0	0	0	0	0	0	0	0	0	0	0	0	279520	0	0	0	0	0	0	0	0	0	0	0	0	0	0	0	0	0	0	0	0	0	0	0	0	0	9742	0	0	0	0	0	0	0	0	68186175	504177	0	0	1745157	0	0	22282	413505	0	0	0	386773	6727024	11350
D18423D13	24944	0	2829978	4061283	251079	0	0	0	0	0	0	0	0	0	0	0	0	0	0	0	0	0	0	0	0	0	0	0	0	0	0	0	0	0	0	0	0	0	0	0	0	0	0	0	0	0	0	0	0	0	0	0	0	0	0	0	0	0	0	0	9764	0	0	0	0	0	0	0	0	0	0	0	0	0	0	0	0	0	0	0	0	0	0	0	0	0	0	0	0	0	0	0	0	0	0	0	0	0	0	0	0	0	0	0	0	0	0	0	0	0	0	0	0	0	0	0	0	0	0	0	0	0	0	0	0	0	0	0	0	0	0	0	0	0	0	0	0	0	0	0	0	0	0	0	0	0	0	0	0	0	0	0	0	0	114898	0	0	0	17160	0	0	0	18998	0	0	0	0	11539869	8351608
D18423D180	26231	0	46201	10992270	91167	0	0	8424	0	0	0	0	22144	0	23529	0	0	0	0	0	0	0	0	0	0	0	0	0	0	0	0	0	0	0	0	0	0	0	0	0	0	0	0	0	0	0	0	0	0	0	0	0	0	0	0	0	0	0	0	0	0	0	0	0	258983	14650	0	4297	0	0	0	0	0	0	0	0	0	0	0	4811	0	0	0	0	0	0	0	0	0	0	0	0	0	0	0	0	0	0	0	0	0	0	0	0	0	0	0	0	0	0	0	0	0	0	0	0	0	0	0	487653	0	0	0	0	0	0	0	0	0	0	0	0	0	0	0	0	0	0	0	0	0	0	0	0	0	0	4171	0	0	0	0	0	0	0	20675255	246348	0	0	679066	0	0	17641	175368	0	0	0	192609	3685954	13925
D18423D19	103088	0	622194	28295780	157512	0	0	0	0	0	0	0	0	0	0	0	0	0	0	0	0	0	0	0	0	0	0	0	0	0	0	0	0	0	0	0	0	0	0	0	0	0	0	0	0	0	0	0	0	0	0	0	0	0	0	0	0	0	0	0	0	0	0	0	0	0	0	0	0	0	0	0	0	0	0	0	0	0	0	0	0	0	0	0	0	0	0	0	0	0	0	0	0	0	0	0	0	0	0	0	0	0	0	0	0	0	0	0	0	0	0	0	0	0	0	0	0	0	0	0	0	0	0	0	0	0	0	0	0	0	0	0	0	0	0	0	0	0	0	0	0	0	0	0	0	0	0	0	0	0	0	0	0	0	137995	4686	0	0	56662	0	0	18145	35342	0	0	0	0	12032989	1060974
D18423D28	444402	0	7428361	2118796	342878	0	0	0	0	0	0	0	0	0	0	0	0	0	0	0	0	0	0	0	0	0	0	0	0	0	0	0	0	0	0	0	0	0	0	0	0	0	0	0	0	0	0	0	0	0	0	0	0	0	0	0	0	0	0	0	0	0	0	0	0	0	0	0	0	0	0	0	0	0	0	0	0	0	0	0	0	0	0	0	0	0	0	0	0	0	0	0	0	0	0	0	0	0	0	0	0	0	0	0	0	0	0	0	0	0	0	0	0	0	0	0	0	0	0	0	0	0	0	0	0	0	0	0	0	0	0	0	0	0	0	0	0	0	0	0	0	0	0	0	0	0	0	0	0	0	0	0	0	0	3365764	19152	0	0	74552	0	11379	10674565	345244	0	0	0	14779	9091044	22084238
D18423D354	37680	0	127650	22254373	116201	0	0	7024	9335	0	0	26453	0	0	18905	0	0	0	0	0	0	0	0	0	0	0	0	0	0	0	0	0	0	0	0	0	0	0	0	0	0	0	0	0	0	0	0	0	0	0	0	0	0	0	0	0	0	0	0	0	0	4392	0	0	202203	7660	0	4584	0	0	0	0	0	0	0	0	0	0	0	0	0	0	0	0	0	0	0	0	0	0	0	0	0	0	0	0	0	0	0	0	0	0	0	0	0	0	0	10200	0	0	0	0	0	0	0	72806	0	0	9630	1314453	0	0	0	0	0	0	0	0	0	0	0	0	0	0	0	0	0	0	0	0	0	0	0	0	0	0	3730	0	0	0	0	0	8192	0	19182375	90023	180760	0	322314	0	0	0	4754	0	0	0	183063	5709212	0
D18423D5	14184	0	217893	21535808	627192	0	0	0	0	0	0	0	0	0	0	0	0	0	0	0	0	0	0	0	0	0	0	0	0	0	0	0	0	0	0	0	0	0	0	0	0	0	0	0	0	0	0	0	0	0	0	0	0	0	0	0	0	0	0	0	0	0	0	0	0	0	0	0	0	0	0	0	0	0	0	0	0	0	0	0	0	0	0	0	0	0	0	0	0	0	0	0	0	0	0	0	0	0	0	0	0	0	0	0	0	0	0	0	0	0	0	0	0	0	0	0	0	0	0	0	0	0	0	0	0	0	0	0	0	0	0	0	0	0	0	0	0	0	0	0	0	0	0	0	0	0	0	0	0	0	0	0	0	0	427511	19523	0	0	55955	0	0	57764	23964	0	0	0	0	11298964	18152174
D18423D54	1449032	0	4324837	23121476	52434	0	0	0	0	0	0	0	0	0	0	0	0	0	0	0	0	0	0	0	0	0	0	0	0	0	0	0	0	0	0	0	0	0	0	0	0	0	0	0	0	0	0	0	0	0	0	0	0	0	0	0	0	0	0	0	10481	0	0	0	561342	0	0	0	0	0	0	0	0	48159	0	0	0	0	0	0	0	0	0	0	0	0	0	0	0	0	0	0	0	0	0	0	0	0	0	0	0	0	0	0	0	0	0	0	0	0	0	0	0	0	0	0	0	0	0	0	0	0	0	0	0	0	0	0	0	0	0	0	0	0	0	0	0	0	0	0	0	0	0	0	0	0	0	0	0	0	0	0	0	0	14051991	23001	0	16132	1345083	0	191968	412930	1249761	0	0	0	0	11332186	11992619
D18423D92	105280	0	1234907	4099937	30501	2501	0	0	0	0	0	0	0	0	0	0	0	0	0	0	0	0	0	0	0	0	0	0	0	0	0	0	0	0	0	0	0	0	0	0	0	0	0	0	0	0	0	0	0	0	0	0	0	0	0	0	0	0	0	0	0	0	0	0	163811	0	0	0	0	0	0	0	0	0	0	0	0	0	0	0	0	0	0	0	0	0	0	0	0	0	0	0	0	0	0	0	0	0	0	0	0	0	0	0	0	0	0	0	0	0	0	0	0	0	0	0	0	0	0	0	0	0	0	0	0	0	0	0	0	0	0	0	0	0	0	0	0	0	0	0	0	0	0	0	0	0	0	0	0	0	0	0	0	0	30130049	948737	0	0	2156774	0	0	0	468075	0	0	0	3001	2363346	7813887
D18423PRE	155911	0	170289	14194011	35128	0	0	0	0	0	0	0	0	0	15136	0	0	0	0	8444	0	0	0	0	0	0	57425	0	0	0	0	0	25825	0	0	0	0	0	0	0	0	0	7526	0	0	0	0	0	0	0	0	0	0	0	0	0	0	0	0	0	4965	4651	0	0	440287	0	0	0	0	0	0	6034	0	76485	652765	0	0	0	0	0	0	0	0	0	0	0	0	0	0	0	0	0	0	0	0	0	6059	0	0	15942	0	0	0	0	0	9060	10061	0	0	7905	0	0	0	9059	0	350866	0	0	0	0	0	0	0	0	0	0	0	0	9476	0	0	8880	0	0	0	0	0	0	0	11203	0	0	0	0	0	0	0	0	0	0	0	0	0	0	16264686	658062	0	0	1766961	0	0	0	146717	0	0	0	2164051	10660920	7878913
D18594D5	1260310	0	36239072	178017	0	0	0	0	0	0	0	0	0	0	0	0	0	0	0	0	0	0	0	0	0	0	0	0	0	0	0	0	0	0	0	0	0	0	0	0	0	0	0	0	0	0	0	0	0	0	0	0	0	0	0	0	0	0	0	0	0	0	0	0	0	0	0	0	0	0	0	0	0	0	0	0	0	0	0	0	0	0	0	0	0	0	0	0	0	0	0	0	0	0	0	0	0	0	0	0	0	0	0	0	0	0	0	0	0	0	0	0	0	0	0	0	0	0	0	0	0	0	0	0	0	0	0	0	0	0	0	0	0	0	0	0	0	0	0	0	0	0	0	0	0	0	0	0	0	0	0	0	0	0	2855694	53896	0	0	34061	0	0	15817	24916	0	0	8488	0	7446610	17093
D18594PRE	157973	0	284095	1571798	0	0	0	0	0	0	0	0	0	0	9546	0	0	0	0	0	0	0	0	0	0	0	0	0	0	0	0	0	0	0	0	0	0	0	0	0	0	0	0	0	0	0	0	0	0	0	0	0	0	0	0	0	0	0	0	0	0	0	0	0	0	0	0	0	0	0	0	0	0	0	0	0	0	0	0	0	0	0	0	0	0	0	0	0	0	0	0	0	0	0	0	0	0	0	0	0	0	0	0	0	0	0	8248	0	0	0	0	0	0	0	0	0	0	0	0	0	0	0	0	0	0	0	0	0	0	0	0	0	0	0	0	0	0	0	0	0	0	0	0	0	0	0	0	0	0	0	0	0	0	0	34195183	2765732	0	0	1794883	0	0	435416	178208	0	0	33928	706294	3543406	0
D19688D14	72007	0	14163745	23430449	0	0	0	0	0	0	0	0	0	0	0	0	0	0	0	0	0	0	0	0	0	0	0	0	0	0	0	0	0	0	0	0	0	0	0	0	0	0	0	0	0	0	0	0	0	0	0	0	0	0	0	0	0	0	0	0	0	0	0	0	0	0	0	0	0	0	0	6171	0	0	0	0	0	0	0	0	0	0	0	0	0	0	0	0	0	0	0	0	0	0	0	0	0	0	0	0	0	0	0	0	0	0	0	0	0	0	0	0	0	0	0	0	0	0	0	0	0	0	0	0	0	0	0	0	0	0	0	0	0	0	0	0	0	0	0	0	0	0	0	0	0	0	0	0	0	0	0	0	0	0	700962	15942	0	0	53412	0	0	0	24050	0	0	0	4028	10380329	12529
D19688D180	348671	0	277216	11597708	0	0	0	0	0	0	0	0	0	0	38658	0	0	0	0	0	0	0	0	0	0	0	0	0	0	0	0	0	0	0	0	0	0	0	0	0	0	0	0	0	0	14394	0	0	0	0	0	0	0	0	0	0	0	0	156503	0	0	0	0	0	308099	0	0	0	10281	0	0	10316	0	0	0	0	0	0	0	0	0	0	0	0	0	0	0	0	0	0	0	0	0	0	0	0	0	0	0	0	0	0	0	0	0	0	0	0	0	0	0	0	0	0	0	271191	0	0	0	0	0	0	0	0	0	0	0	0	0	0	0	0	0	0	0	0	0	0	0	0	0	0	0	0	0	0	3539	0	0	0	0	0	0	0	21164586	932198	0	0	1165508	0	0	17538	83966	0	0	0	290698	3677350	4989608
D19688D20	63666	0	11238760	31152498	12693	0	0	0	0	0	0	0	0	0	0	0	0	0	0	0	0	0	0	0	0	0	0	0	0	0	0	0	0	0	0	0	0	0	0	0	0	0	0	0	0	0	0	0	0	0	0	0	0	0	0	0	0	0	0	0	0	0	0	0	0	0	0	0	0	0	0	0	0	0	0	0	0	0	0	0	0	0	0	0	0	0	0	0	0	0	0	0	0	0	0	0	0	0	0	0	0	0	0	0	0	0	0	0	0	0	0	0	0	0	0	0	0	0	0	0	0	0	0	0	0	0	0	0	0	0	0	0	0	0	0	0	0	0	0	0	0	0	0	0	0	0	0	0	0	0	0	0	0	0	149594	37793	0	0	28783	0	0	40538	414619	0	0	0	0	5717832	13901
D19688D29	185619	0	9666015	9660884	13186	0	0	0	0	0	0	0	0	0	0	0	0	0	0	0	0	0	0	0	0	0	0	0	0	0	0	0	0	0	0	0	0	0	0	0	0	0	0	0	0	0	0	0	0	0	0	0	0	0	0	0	0	0	0	0	0	0	0	0	0	0	0	0	0	0	0	0	0	0	0	0	0	0	0	0	0	0	0	0	0	0	0	0	0	0	0	0	0	0	0	0	0	0	0	0	0	0	0	0	0	0	0	0	0	0	0	0	0	0	0	0	0	0	0	0	0	0	0	0	0	0	0	0	0	0	0	0	0	0	0	0	0	0	0	0	0	0	0	0	0	0	0	0	0	0	0	0	0	0	19456887	63392	0	0	68713	0	0	0	238357	0	0	5604	0	5896833	15128
D19688D364	162059	0	11425417	3856102	0	0	0	0	0	0	0	0	0	0	88235	0	0	0	0	0	0	0	0	0	0	0	757265	0	0	0	0	0	23610	0	0	0	0	0	0	0	0	0	0	0	0	0	0	0	0	0	0	0	0	0	0	0	0	0	298549	0	0	0	5736	0	567430	0	0	0	0	0	0	6066	0	355897	0	44781	0	0	0	7218	0	0	0	0	0	0	0	22477	0	0	7839	0	23029	0	0	0	0	0	0	0	0	0	0	0	0	0	11188	0	0	8615	0	0	0	0	0	1861602	0	0	0	74861	0	0	0	0	0	0	0	0	0	0	0	0	0	0	0	0	0	0	0	9026	0	0	0	0	0	0	12977	0	0	0	8869	0	0	0	34657702	1872452	94058	20905	3584821	0	0	104670	39507	0	0	0	27368	12829306	3346911
D19688D5	398041	0	4033611	1582315	0	0	0	0	0	0	0	0	0	0	0	0	0	0	0	0	0	0	0	0	0	0	0	0	0	0	0	0	0	0	0	0	0	0	0	0	0	0	0	0	0	0	0	0	0	0	0	0	0	0	0	0	0	0	0	0	0	0	0	0	0	0	0	0	0	0	0	0	0	0	0	0	0	0	0	0	0	0	0	0	0	0	0	0	0	0	0	0	0	0	0	0	0	0	0	0	0	0	0	0	0	0	0	0	0	0	0	0	0	0	0	0	0	0	0	0	0	0	0	0	0	0	0	0	0	0	0	0	0	0	0	0	0	0	0	0	0	0	0	0	0	0	0	0	0	0	0	0	0	0	41651036	15933	0	0	984370	0	0	20868	172963	0	0	0	4533	10035008	12085
D19688D63	2008414	0	719762	4329290	20196	0	0	0	0	0	0	0	0	0	0	0	0	0	0	0	0	0	0	0	0	0	0	0	0	0	0	0	0	0	0	0	0	0	0	0	0	0	0	0	0	0	0	0	0	0	0	0	0	0	0	0	0	0	0	0	0	0	0	0	1010025	0	0	0	0	0	0	11685	0	0	0	0	0	0	0	0	0	0	0	0	0	0	0	0	0	0	0	0	0	0	0	0	0	0	0	0	0	0	0	0	0	0	0	0	0	0	0	0	0	0	0	0	0	0	0	0	0	0	0	0	0	0	0	0	0	0	0	0	0	0	0	0	0	0	0	0	0	0	0	0	0	0	0	0	0	0	0	0	0	0	30869842	4008383	0	0	1433703	0	0	0	42399	0	0	0	0	7217022	3366908
D19688D96	1286298	0	417727	8333486	80682	0	0	0	0	0	0	0	0	0	0	0	0	0	0	0	0	0	0	0	0	0	0	0	0	0	0	0	0	0	0	0	0	0	0	0	0	0	0	0	0	0	0	0	0	0	0	0	0	0	0	0	0	0	0	0	0	0	10422	0	1478886	0	0	0	0	0	0	38804	0	0	0	0	0	0	0	0	0	0	0	0	0	0	0	0	0	0	0	0	0	0	0	0	0	0	0	0	0	0	0	0	0	0	0	0	0	0	0	0	0	0	0	0	0	0	0	0	0	0	0	0	0	0	0	0	0	0	0	0	0	0	0	0	0	0	0	0	0	0	0	0	0	0	0	0	0	0	0	0	0	0	33138391	3542888	0	0	1775282	0	0	44744	57445	0	0	0	3258192	11381691	4919375
D19688PRE	250467	0	1252030	17367994	29347	0	0	0	0	0	0	0	0	0	0	0	0	0	0	0	0	0	0	0	194455	0	0	0	0	0	0	0	0	0	0	0	0	0	0	0	0	0	0	0	0	0	0	0	0	0	0	0	0	0	0	0	0	0	0	0	0	0	0	0	690996	0	0	0	0	0	0	12915	0	0	0	0	0	0	0	0	0	0	0	0	0	0	0	0	0	0	0	0	0	0	0	0	0	0	0	0	0	0	0	0	0	0	0	0	0	0	0	0	0	0	0	0	0	0	0	61826	0	0	0	0	0	0	0	0	0	0	0	0	0	0	0	0	0	0	0	0	0	0	0	0	0	0	0	0	0	0	33009	0	0	0	26477856	26962	0	0	4863025	0	0	105572	748893	0	0	5901	38243	3160837	0
D19754D-1	71533	0	214066	118049	0	0	0	0	0	0	0	0	0	0	0	0	0	0	0	0	0	0	0	0	0	0	5013	0	0	0	0	0	0	0	0	0	0	0	0	0	0	0	0	0	0	0	0	0	0	0	0	0	0	0	0	0	0	0	0	0	0	0	0	0	0	0	0	0	0	0	0	0	0	0	0	0	0	0	0	0	0	0	0	0	0	0	0	0	0	0	0	0	0	0	0	0	0	0	0	0	0	0	0	0	0	0	0	0	0	0	0	0	0	0	0	0	0	0	0	0	0	0	0	0	0	0	0	0	0	0	0	0	0	0	0	0	0	0	0	0	0	0	0	0	0	0	0	0	0	0	0	0	0	0	47285782	23024	0	0	1163374	0	0	16915	21516	0	0	0	9732	7784198	0
D19754D-9	161088	0	464650	49204	0	1578	0	0	0	0	0	0	0	0	0	0	0	0	0	0	0	0	0	0	0	0	0	0	0	0	0	0	0	0	0	0	0	0	0	0	0	0	0	0	0	0	0	0	0	0	0	0	0	0	0	0	0	0	0	0	0	0	0	0	0	0	0	0	0	0	0	0	0	0	0	0	0	0	0	0	0	0	0	0	0	0	0	0	0	0	0	0	0	0	0	0	0	0	0	0	0	0	0	0	0	0	9520	0	0	0	0	0	0	0	0	0	0	0	0	0	0	0	0	0	0	0	0	0	0	0	0	0	0	0	0	0	0	0	0	0	0	0	0	0	0	0	0	0	0	0	0	0	0	0	40039892	16915	0	0	362517	0	0	14738	20878	0	0	0	12035	7041501	15894
D19754D110	363793	0	20395489	196469	0	3779	0	0	0	0	0	0	0	0	0	0	0	0	0	0	0	0	0	0	0	0	0	0	0	0	0	0	0	0	0	0	0	0	0	0	0	0	0	0	0	0	0	0	0	0	0	0	0	0	0	0	0	0	0	0	0	0	0	0	0	0	0	0	0	0	0	0	0	0	0	0	0	0	0	0	0	0	0	0	0	0	0	0	0	0	0	0	0	0	0	0	0	0	0	0	0	0	0	0	0	0	16192	0	0	0	0	0	0	0	0	0	0	0	0	0	0	0	0	0	0	0	0	0	0	0	0	7907	0	0	0	0	0	0	0	4424	0	0	0	0	0	0	0	0	0	0	0	0	0	0	4161334	13064	0	0	30617	0	0	14854	33384	0	0	0	0	3532650	17615
D19754D12	79200	0	231047	20598	0	0	0	0	0	0	0	0	0	0	0	0	0	0	0	0	0	0	0	0	0	0	0	0	0	0	0	0	0	0	0	0	0	0	0	0	0	0	0	0	0	0	0	0	0	0	0	0	0	0	0	0	0	0	0	0	0	0	0	0	0	0	0	0	0	0	0	0	0	0	0	0	0	0	0	0	0	0	0	0	0	0	0	0	0	0	0	0	0	0	0	0	0	0	0	0	0	0	0	0	0	0	0	0	0	0	0	0	0	0	0	0	0	0	0	0	0	0	0	0	0	0	0	0	0	0	0	0	0	0	0	0	0	0	0	0	0	0	0	0	0	0	0	0	0	0	0	0	0	0	5971278	6568	0	0	34194034	0	0	0	28926	0	0	0	0	-1629964	13799
D19754D171	74192	0	28972012	11003	0	0	0	0	0	0	0	0	0	0	0	0	0	0	0	0	0	0	0	0	0	0	0	0	0	0	0	0	0	0	0	0	0	0	0	0	0	0	0	0	0	0	0	0	0	0	0	0	0	0	0	0	0	0	0	0	0	0	0	0	0	0	0	0	0	0	0	0	0	0	0	0	0	0	0	0	0	0	0	0	0	0	0	0	0	0	0	0	0	0	0	0	0	0	0	0	0	0	0	0	0	0	0	0	0	0	0	0	0	0	0	0	0	0	0	0	0	0	0	0	0	0	0	0	0	0	0	0	0	0	0	0	0	0	0	0	0	0	0	0	0	0	0	0	0	0	0	0	0	0	8497512	15754	0	0	0	0	0	29014	7119	0	0	0	0	2982381	10390
D19754D19	8591809	0	39858740	498077	32828	0	3184	0	0	0	0	0	0	0	0	0	0	0	0	0	0	0	0	0	0	0	0	0	0	0	0	0	0	0	0	0	0	0	0	0	0	0	0	0	0	0	0	0	0	0	0	0	0	0	0	0	0	0	0	0	0	0	0	0	0	0	0	0	0	0	0	0	0	0	0	0	0	0	0	0	0	0	0	0	0	0	0	0	0	0	0	0	0	0	0	0	0	0	0	0	0	0	0	0	0	0	0	0	0	0	0	0	0	0	0	0	0	0	0	0	0	0	0	0	0	0	0	0	0	0	0	0	0	0	0	0	0	0	0	0	0	0	0	0	0	0	0	0	0	0	0	0	0	0	1955040	9359964	0	63544	22470210	0	0	186883	5676359	0	0	0	12788	22574368	0
D19754D26	4095715	0	14160410	369894	32498	0	0	0	0	0	0	0	0	0	0	0	0	0	0	0	0	0	0	0	0	0	0	0	0	0	0	0	0	0	0	0	0	0	0	0	0	0	0	0	0	0	0	0	0	0	0	0	0	0	0	0	0	0	0	0	17255	0	0	0	0	0	0	0	0	0	0	0	0	0	0	0	0	0	0	0	0	0	0	0	0	0	0	0	0	0	0	0	0	0	0	0	0	0	0	0	0	0	0	0	25846	0	0	0	0	0	0	0	0	0	0	0	0	0	0	0	0	0	0	0	0	0	0	0	0	0	0	0	0	0	0	0	0	0	0	0	0	0	0	0	0	0	0	0	0	0	0	0	0	0	461371	4487162	0	0	49476	0	0	141581	4873748	0	0	0	0	14309290	12681
D19754D384	2589307	0	519889	11988	0	0	0	0	0	0	0	0	0	0	0	0	0	0	0	0	0	0	0	0	0	0	0	0	0	0	0	0	0	0	0	0	0	0	0	0	0	0	0	0	0	0	0	0	0	0	0	0	0	0	0	0	0	0	0	0	0	0	0	0	0	0	0	0	0	0	0	0	0	0	0	0	0	0	0	0	0	0	0	0	0	0	0	0	0	0	0	0	0	0	0	0	0	0	0	0	0	0	0	0	0	0	0	0	0	0	0	0	0	0	0	0	0	0	0	0	0	0	0	0	0	0	0	0	0	0	0	0	0	0	0	0	0	0	0	0	0	0	0	0	0	0	0	0	0	0	0	0	0	0	5674274	0	0	0	555634	0	0	24796	16757	0	0	0	0	1019667	0
D19754D55	321373	0	3874987	67442	0	0	0	0	0	0	0	0	0	0	0	0	0	0	0	0	0	0	0	0	0	0	0	0	0	0	0	0	0	0	0	0	0	0	0	0	0	0	0	0	0	0	0	0	0	0	0	0	0	0	0	0	0	0	0	0	0	0	0	0	0	0	0	0	0	0	0	0	0	0	0	0	0	0	0	0	0	0	0	0	0	0	0	0	0	0	0	0	0	0	0	0	0	0	0	0	0	0	0	0	0	0	0	0	0	0	0	0	0	0	0	0	0	0	0	0	0	0	0	0	0	0	0	0	0	0	0	0	0	0	0	0	0	0	0	0	0	0	0	0	0	0	0	0	0	0	0	0	0	0	36520749	28885	0	0	14449	0	9052	52732	38140	0	0	0	0	3475747	10273
D19754D8	74176	0	90593	6049	0	0	0	0	0	0	0	0	0	0	0	0	0	0	0	0	0	0	0	0	0	0	0	0	0	0	0	0	0	0	0	0	0	0	0	0	0	0	0	0	0	0	0	0	0	0	0	0	0	0	0	0	0	0	0	0	0	0	0	0	0	0	0	0	0	0	0	0	0	0	0	0	0	0	0	0	0	0	0	0	0	0	0	0	0	0	0	0	0	0	0	0	0	0	0	0	0	0	0	0	0	0	0	0	0	0	0	0	0	0	0	0	0	0	0	0	0	0	0	0	0	0	0	0	0	0	0	0	0	0	0	0	0	0	0	0	0	0	0	0	0	0	0	0	0	0	0	0	0	0	6532348	7488	0	0	33139394	0	0	21477	8970	0	0	0	0	-1835027	10101
D19836D0	53868	0	281740	64558	0	0	0	0	0	0	0	0	0	0	0	0	0	0	0	0	0	0	0	0	0	0	0	0	0	0	0	0	0	0	0	0	0	0	0	0	0	0	0	0	0	0	0	0	0	0	0	0	0	0	0	0	0	0	0	0	0	0	0	0	0	0	0	0	0	0	0	0	0	0	0	0	0	0	0	0	0	0	0	0	0	0	0	0	0	0	0	0	0	0	0	0	0	0	0	0	0	0	0	0	0	0	0	0	0	0	0	0	0	0	0	0	0	0	0	0	0	0	0	0	0	0	0	0	0	0	0	0	0	0	0	0	0	0	0	0	0	0	0	0	0	0	0	0	0	0	0	0	0	0	42205566	0	0	0	960697	0	0	43365	23065	0	0	0	0	5318430	0
D19836D13	2305089	0	14190424	113253	54554	0	0	0	0	0	0	0	0	0	0	0	0	0	0	0	0	0	0	0	0	0	0	0	0	0	0	0	0	0	0	0	0	0	0	0	0	0	0	0	0	0	0	0	0	0	0	0	0	0	0	0	0	0	0	0	21750	0	0	0	0	0	0	0	0	0	0	0	0	0	0	0	0	0	0	0	0	0	0	0	0	0	0	0	0	0	0	0	0	0	0	0	0	0	0	0	0	0	0	0	16058	0	0	0	0	0	0	0	0	0	0	0	0	0	0	0	0	0	0	0	0	0	0	0	0	0	0	0	0	0	0	0	0	0	0	0	0	0	0	0	0	0	0	0	0	0	0	0	0	0	482192	519396	0	0	44095	0	0	46786	2641123	0	0	23535	0	11004161	15992
D19836D189	35428	0	253187	116857	0	0	0	0	0	0	0	0	0	0	0	0	0	0	0	0	0	0	0	0	0	0	0	0	0	0	0	0	0	0	0	0	0	0	0	0	0	0	0	0	0	0	0	0	0	0	0	0	0	0	0	0	0	0	0	0	0	0	0	0	675967	0	0	0	0	0	0	0	0	0	0	0	0	0	0	0	0	4382	0	0	0	0	0	0	0	0	0	0	0	0	0	0	0	0	0	0	0	0	0	0	0	0	0	0	0	0	0	0	0	0	0	0	0	0	0	0	0	0	0	0	0	0	0	0	0	0	0	0	0	0	0	0	0	0	0	0	0	0	0	0	0	0	12985	0	0	0	0	0	0	0	38134620	1625321	0	0	4712886	0	0	28304	0	0	0	0	0	3429179	0
D19836D21	1449676	0	29162086	54811	24419	0	0	0	0	0	0	0	0	0	0	0	0	0	0	0	0	0	0	0	0	0	0	0	0	0	0	0	0	0	0	0	0	0	0	0	0	0	0	0	0	0	0	0	0	0	0	0	0	0	0	0	0	0	0	0	0	0	0	0	0	0	0	0	0	0	0	0	0	0	0	0	0	0	0	0	0	0	0	0	0	0	0	0	0	0	0	0	0	0	0	0	0	0	0	0	0	0	0	0	0	0	0	0	0	0	0	0	0	0	0	0	0	0	0	0	0	0	0	0	0	0	0	0	0	0	0	0	0	0	0	0	0	0	0	0	0	0	0	0	0	0	0	0	0	0	0	0	0	0	709549	121613	0	0	6734	0	0	0	224464	0	0	0	12079	8522842	11314
D19836D29	5882885	0	3873702	169057	0	0	0	0	0	0	0	0	0	0	0	0	0	0	0	0	0	0	0	0	0	0	0	0	0	0	0	0	0	0	0	0	0	0	0	0	0	0	0	0	0	0	0	0	0	0	0	0	0	0	0	0	0	0	0	0	0	0	0	0	0	0	0	0	0	0	0	0	0	0	0	0	0	0	0	0	0	0	0	0	0	0	0	0	0	0	0	0	0	0	0	0	0	0	0	0	0	0	0	0	0	0	0	0	0	0	0	0	0	0	0	0	0	0	0	0	0	0	0	0	0	0	0	0	0	0	0	0	0	0	0	0	0	0	0	0	0	0	0	0	0	0	0	0	0	0	0	0	0	0	32628190	22818	0	0	171120	0	0	3325937	3590216	0	0	0	0	5610972	11373
D19836D365	331109	0	3383339	12086123	304493	0	0	6468	0	0	0	0	0	0	20263	0	0	0	0	0	0	0	0	187489	756211	0	89584	0	0	0	0	0	0	0	0	0	0	0	0	0	0	0	0	0	0	0	0	0	0	0	0	0	0	0	0	0	0	0	0	0	0	0	0	0	0	0	0	0	0	0	0	0	0	0	13186	0	0	0	0	0	0	0	33586	4689	0	0	0	0	0	15358	0	0	0	0	26913	0	0	0	0	0	0	0	0	0	0	0	0	0	0	0	0	32824	0	0	0	0	0	0	0	253381	0	0	0	0	0	0	0	0	0	0	0	0	0	0	0	0	0	0	0	0	0	0	0	0	0	0	26651	0	0	0	0	0	0	0	54429682	1006478	0	0	926778	0	0	80695	728702	0	0	0	255157	14339239	11499
D19836D56	236865	0	2786893	95191	0	0	0	0	0	0	0	0	0	0	0	0	0	0	0	0	0	0	0	0	0	0	0	0	0	0	0	0	0	0	0	0	0	0	0	0	0	0	0	0	0	0	0	0	0	0	0	0	0	0	0	0	0	0	0	0	0	0	0	0	0	0	0	0	0	0	0	0	0	0	0	0	0	0	0	0	0	0	0	0	0	0	0	0	0	0	0	0	0	0	0	0	0	0	0	0	0	0	0	0	0	0	0	0	0	0	0	0	0	0	0	0	0	0	0	0	0	0	0	0	0	0	0	0	0	0	0	0	0	0	0	0	0	0	0	0	0	0	0	0	0	0	0	0	0	0	0	0	0	0	37567391	133045	0	0	0	0	0	52575	944026	0	0	0	0	16736783	11464
D19836D8	611769	0	5276723	163057	76352	0	0	0	0	0	0	0	0	0	0	0	0	0	0	0	0	0	0	0	0	0	0	0	0	0	0	0	0	0	0	0	0	0	0	0	0	0	0	0	0	0	0	0	0	0	0	0	0	0	0	0	0	0	0	0	0	0	0	0	0	0	0	0	0	0	0	0	0	0	0	0	0	0	0	0	0	0	0	0	0	0	0	0	0	0	0	0	0	0	0	0	0	0	0	0	0	0	0	0	0	0	0	0	0	0	0	0	0	0	0	0	0	0	0	0	0	0	0	0	0	0	0	0	0	0	0	0	0	0	0	0	0	0	0	0	0	0	0	0	0	0	0	0	0	0	0	0	0	0	59782	453423	0	7276	0	34763	12859	0	1442340	0	0	7704	0	9941246	0
D19836D92	88046	0	2147811	85227	0	0	0	0	0	0	0	0	0	0	0	0	0	0	0	0	0	0	0	0	0	0	0	0	0	0	0	0	0	0	0	0	0	0	0	0	0	0	0	0	0	0	0	0	0	0	0	0	0	0	0	0	0	0	0	0	0	0	0	0	0	0	0	0	0	0	0	0	0	0	0	0	0	0	0	0	0	0	0	0	0	0	0	0	0	0	0	0	0	0	0	0	0	0	0	0	0	0	0	0	0	0	0	0	0	0	0	0	0	0	0	0	0	0	0	0	0	0	0	0	0	0	0	0	0	0	0	0	0	0	0	0	0	0	0	0	0	0	0	0	0	0	0	0	0	0	0	0	0	0	31044072	1131923	0	0	21844	0	0	0	158499	0	0	0	0	9481414	14160
D19836PRE	217036	0	544821	1274192	0	0	0	0	0	0	0	0	0	0	0	0	0	0	0	0	0	0	0	0	0	0	0	0	0	0	0	0	0	0	0	0	0	0	0	0	0	0	0	0	0	0	0	0	0	0	0	0	0	0	0	0	0	0	0	0	0	0	0	0	0	0	0	0	0	0	0	0	0	0	0	0	0	0	0	0	0	0	0	0	0	0	0	0	0	0	0	0	0	0	0	0	0	0	0	0	0	0	0	0	0	0	0	0	0	0	0	0	0	0	0	0	0	0	0	0	0	0	0	0	0	0	0	0	0	0	0	0	0	0	0	0	0	0	0	0	0	0	0	0	0	0	0	0	0	0	0	0	0	0	25852888	0	0	0	3825644	0	0	168876	299076	0	0	0	0	3932151	0
D19840D106	47032	0	970786	20078882	0	0	0	0	0	0	0	0	0	0	25155	0	0	0	0	0	0	0	0	0	0	0	0	0	0	0	0	0	0	0	0	0	0	0	0	0	0	0	0	0	0	0	0	0	0	0	0	0	0	0	0	0	0	0	0	0	0	0	0	0	0	0	0	0	0	0	0	0	0	0	0	0	0	0	0	0	0	0	0	0	0	0	0	0	0	0	0	25411	0	0	0	0	0	0	0	0	0	0	0	0	0	0	12233	0	0	0	0	0	0	0	0	0	0	0	0	0	0	0	0	0	0	0	0	0	0	0	0	0	0	0	0	0	0	0	0	0	0	0	0	0	0	0	0	0	380438	0	0	0	0	0	25234910	6901	0	0	3234552	0	0	23411	856963	0	0	0	12007	8803082	3676906
D19840D12	33685	0	29583835	12406347	0	0	0	0	0	0	0	0	0	0	0	0	0	0	0	0	0	0	0	0	0	0	0	0	0	0	0	0	0	0	0	0	0	0	0	0	0	0	0	0	0	0	0	0	0	0	0	0	0	0	0	0	0	0	0	0	0	0	0	0	0	0	0	0	0	0	0	0	0	0	0	0	0	0	0	0	0	0	0	0	0	0	0	0	0	0	0	0	0	0	0	0	0	0	0	0	0	0	0	0	0	0	0	0	0	0	0	0	0	0	0	0	0	0	0	0	0	0	0	0	0	0	0	0	0	0	0	8134	0	0	0	0	0	0	0	0	0	0	0	0	0	0	0	0	0	0	0	0	0	0	977335	28527	0	0	611049	0	0	0	4640949	0	0	0	0	2498144	137514
D19840D15	54167	0	740803	11962047	0	0	0	0	0	0	0	0	0	0	0	0	0	0	0	0	0	0	0	0	0	0	0	0	0	0	0	0	0	0	0	0	0	0	0	0	0	0	0	0	0	0	0	0	0	0	0	0	0	0	0	0	0	0	0	0	0	0	0	0	0	0	0	0	0	0	0	0	0	0	0	0	0	0	0	0	0	0	0	0	0	0	0	0	0	0	0	0	0	0	0	0	0	0	0	0	0	0	0	0	0	0	0	0	0	0	0	0	0	0	0	0	0	0	0	0	0	0	0	0	0	0	0	0	0	0	0	0	0	0	0	0	0	0	0	0	0	0	0	0	0	0	0	0	0	0	0	0	0	0	299999	6063	0	0	5841219	0	0	29192	2851688	0	0	0	0	7717886	11434802
D19840D19	177569	0	4458573	15362984	0	0	0	0	0	0	0	0	0	0	0	0	0	0	0	0	0	0	0	0	0	0	0	0	0	0	0	0	22306	0	0	0	0	0	0	0	0	0	0	0	0	0	0	0	0	0	0	0	0	0	0	0	0	0	0	0	0	0	0	0	0	0	0	0	0	0	0	0	0	0	0	0	0	0	0	0	0	0	0	0	0	0	0	0	0	0	0	0	0	0	0	0	0	0	0	0	0	0	0	0	0	0	9354	0	0	8188	0	0	0	0	0	0	0	0	0	0	0	0	0	0	0	0	0	0	0	0	0	0	0	0	0	0	0	0	0	8339	0	0	0	0	0	0	0	0	0	0	0	0	0	0	515260	0	0	0	7038283	0	0	18166	1099610	0	0	0	0	3248437	2359582
D19840D196	25489	0	99536	16910738	0	0	0	0	0	0	0	16157	27934	0	29577	0	0	0	0	0	0	0	0	0	0	0	35125	0	0	0	0	0	0	0	0	0	0	0	0	0	0	0	0	0	0	0	0	0	0	0	0	0	0	0	0	0	0	0	0	0	0	0	0	0	0	0	0	0	0	0	0	7870	0	0	27037	0	0	0	0	0	0	0	0	0	0	0	0	0	0	0	0	4665	0	0	0	0	0	0	0	0	0	0	0	0	0	0	0	0	0	0	0	0	0	15810	0	0	0	0	7460	0	0	0	0	0	0	0	0	0	0	0	0	14292	0	0	0	0	0	0	0	0	0	0	0	0	0	0	0	0	0	0	0	0	0	0	16615191	410217	0	0	438369	0	0	62536	471150	0	0	0	411189	3706936	15847
D19840D368	100964	0	443830	5779751	0	0	0	0	0	0	0	26622	30334	0	43250	0	0	0	0	0	0	0	0	0	0	0	0	0	0	0	0	0	0	0	0	0	0	0	0	0	0	0	0	0	0	0	0	0	0	0	0	0	0	0	0	0	0	0	0	0	0	0	0	0	0	9363	0	0	9222	0	0	7581	0	7379	147740	0	0	0	0	0	0	0	0	0	0	0	0	15098	0	0	0	4295	0	0	0	0	0	0	0	0	0	0	0	0	0	0	0	0	745251	0	0	0	0	25282	0	0	0	0	16490	0	0	0	0	0	0	0	0	0	0	0	0	13574	0	0	0	0	0	0	0	0	0	0	0	0	0	0	0	0	9174	0	0	0	8333	0	42142761	690039	14760	0	785239	0	0	59579	530620	0	0	6261	29923	8184651	0
D19840D6	15493	0	514650	34355839	0	0	0	0	0	0	0	0	0	0	0	0	0	0	0	0	0	0	0	0	0	0	0	0	0	0	0	0	0	0	0	0	0	0	0	0	0	0	0	0	0	0	0	0	0	0	0	0	0	0	0	0	0	0	0	0	0	0	0	0	0	0	0	0	0	0	0	0	0	0	0	0	0	0	0	0	0	0	0	0	0	0	0	0	0	0	0	0	0	0	0	0	0	0	0	0	0	0	0	0	0	0	0	0	0	0	0	0	0	0	0	0	0	0	0	0	0	0	0	0	0	0	0	0	0	0	0	0	0	0	0	0	0	0	0	0	0	0	0	0	0	0	0	0	0	0	0	0	0	0	85993	4612	0	0	0	0	0	0	2934898	0	0	0	0	10370716	16345
D19840D63	76263	0	2770777	31328298	0	0	0	0	0	0	0	0	0	0	0	0	0	0	0	0	0	0	0	0	0	0	0	0	0	0	0	0	0	0	0	0	0	0	0	0	0	0	0	0	0	0	0	0	0	0	0	0	0	0	0	0	0	0	0	0	0	0	0	0	0	0	0	0	0	0	0	0	0	0	0	0	0	0	0	0	0	0	0	0	0	0	0	0	0	0	0	0	0	0	0	0	0	0	0	0	0	0	0	0	0	0	0	0	0	0	0	0	0	0	0	0	0	0	0	0	0	0	0	0	0	0	0	0	0	0	0	0	0	0	0	0	0	0	0	0	0	0	0	0	0	0	0	0	0	0	0	0	0	0	11117904	10605	0	0	2905002	0	0	4954426	1210377	0	0	0	0	7966946	13765
D19840D767	27679	0	108984	21949180	299335	0	0	10083	0	0	0	80829	117890	0	16181	0	0	0	0	0	0	102462	0	0	0	0	8576	0	0	0	0	0	0	0	0	0	0	0	0	0	0	0	0	0	0	0	0	0	0	0	0	0	0	0	0	0	0	0	0	0	12322	0	7235	0	0	0	0	0	20022	0	0	15360	0	0	51652	0	0	0	0	0	0	0	0	0	0	0	0	0	0	0	0	0	0	0	0	0	0	0	0	130724	0	0	0	0	0	0	0	12252	663505	0	0	0	0	0	0	0	0	0	47038	12466	0	0	0	0	0	0	0	0	0	0	0	0	0	0	0	0	0	0	0	0	0	0	0	0	0	0	22929	0	0	0	9510	0	0	0	28697799	458004	72548	0	399934	0	0	20891	584617	0	0	0	101698	8001700	9954
D19840PRE	353471	0	184440	9119051	65074	0	0	8038	0	0	0	41503	0	0	54822	0	0	0	0	0	0	0	0	0	0	0	11365	0	0	0	0	0	0	0	0	0	0	0	0	0	0	0	0	0	0	0	0	0	0	0	0	0	0	0	0	0	0	0	0	0	0	7955	6322	261364	0	10144	0	4077	12151	0	0	15794	0	0	12932	0	0	0	0	0	0	0	5018	0	0	0	0	0	0	0	0	95632	257728	0	0	0	0	0	0	0	0	0	0	0	0	55890	0	8779	573947	0	0	0	0	0	0	0	0	0	0	112921	0	0	0	0	0	0	5528	0	0	0	30612	0	0	0	0	0	0	0	0	0	0	0	0	0	9663	8579	0	0	0	0	0	25138	96253	0	26716131	881613	143995	0	374466	0	0	48857	481292	0	0	0	101650	9491386	198486
D20117D108	334294	0	4488358	16379938	0	0	0	0	0	0	0	0	0	0	67544	0	0	0	0	0	0	0	0	0	0	0	0	0	0	0	0	0	0	0	0	0	0	0	0	0	0	3434	0	0	0	0	0	0	0	0	6938	0	0	0	0	0	0	0	0	0	5776979	0	7749	0	1177379	0	0	6811	0	0	0	0	0	214407	36316	0	0	0	0	8755	0	4568	0	7250	0	0	0	0	0	0	0	34253	0	0	0	0	0	0	0	0	0	0	0	0	0	0	0	0	0	0	0	0	0	0	0	145824	0	0	0	114865	0	0	0	0	0	0	0	0	0	0	55290	298834	0	0	6045	0	0	0	0	0	0	0	0	0	0	0	8904	3961	300611	0	0	0	0	0	21144886	2154900	0	0	4080951	0	0	1384120	177094	0	0	0	362564	4160649	3518277
D20117D12	46011	0	558476	11224129	0	0	0	0	0	0	0	25899	0	0	20064	0	0	0	0	0	0	0	0	0	0	0	0	0	0	0	0	0	0	0	0	0	0	0	0	0	0	0	0	0	0	0	0	0	0	0	0	0	0	0	0	0	0	0	0	0	0	3572	5217	0	0	0	0	0	0	0	0	11256	15680	0	241709	0	0	0	0	0	0	0	0	0	0	0	0	0	0	0	0	0	0	0	0	0	0	0	0	0	0	0	0	0	0	0	0	0	0	0	0	0	0	0	0	0	0	0	0	0	0	0	0	0	0	0	0	0	0	0	0	0	0	0	0	0	0	0	0	0	0	0	0	0	0	0	8925	0	0	0	0	0	0	0	24734585	995979	0	8306	631569	0	0	39865	504339	0	0	0	173184	7340198	1330608
D20117D196	69519	0	1639909	12706069	0	0	0	8480	0	0	0	0	0	0	18325	0	0	0	0	0	0	0	0	0	0	0	0	0	0	0	0	0	0	0	0	0	0	0	0	0	0	0	0	0	0	0	0	0	0	0	0	0	0	0	0	0	0	0	0	0	0	0	13044	0	284831	0	0	3783	16162	0	0	0	0	181980	181974	0	0	0	0	4898	0	0	5131	5431	0	0	0	0	0	0	0	19903	0	0	0	0	0	0	0	0	0	0	0	0	0	0	0	0	0	0	0	0	0	0	0	31597	0	0	0	19253	0	0	0	0	0	0	0	0	0	0	19944	0	0	0	6505	0	0	0	0	0	0	0	0	0	0	0	9996	11449	13018	0	0	0	0	0	22050850	1486710	46497	38389	10290619	0	33103	324064	659892	0	0	143499	19997	6708084	2656458
D20117D20	60384	0	759260	51022313	0	0	0	0	0	0	0	0	0	0	0	0	0	0	0	0	0	0	0	0	0	0	0	0	0	0	0	0	0	0	0	0	0	0	0	0	0	0	0	0	0	0	0	0	0	0	0	0	0	0	0	0	0	0	0	0	0	0	0	0	0	0	0	0	0	0	0	0	0	0	0	0	0	0	0	0	0	0	0	0	0	0	0	0	0	0	0	0	0	0	0	0	0	0	0	0	0	0	0	0	0	0	13204	0	0	0	0	0	0	0	0	0	0	0	0	0	0	0	0	0	0	0	0	0	0	0	0	0	0	0	0	0	0	0	0	0	0	0	0	0	0	0	0	0	0	0	0	0	0	0	140372	262322	0	0	15237	0	12404	16359	23118	0	0	6513	0	2442913	0
D20117D267	696871	0	2670340	12418951	0	0	0	15085	0	0	0	0	0	0	0	0	0	0	0	0	0	0	0	0	0	0	0	0	0	0	0	0	0	0	0	0	0	0	0	0	0	3466	0	0	0	0	0	0	0	0	0	0	0	0	0	0	0	0	0	0	0	0	29888	0	1169402	0	0	7185	34385	0	0	0	0	0	203323	0	0	0	0	0	0	0	7571	54765	0	0	0	0	0	0	0	40552	0	0	0	0	0	0	0	0	0	0	0	0	0	0	0	0	0	0	0	0	0	0	0	0	0	0	0	120708	0	0	0	0	0	0	0	0	0	0	44549	0	0	0	16420	0	0	0	0	0	0	0	0	0	0	0	26683	21536	14678	0	0	0	0	0	20889659	3221618	99625	56995	6058850	0	0	848769	681060	0	0	18808	17703	4857338	9520055
D20117D29	35841	0	25955730	317542	0	0	0	0	0	0	0	0	0	0	0	0	0	0	0	0	0	0	0	0	0	0	0	0	0	0	0	0	0	0	0	0	0	0	0	0	0	0	0	0	0	0	0	0	0	0	0	0	0	0	0	0	0	0	0	0	0	0	0	0	0	0	0	0	0	0	0	0	0	0	0	0	0	0	0	0	0	0	0	0	0	0	0	0	0	0	0	0	0	0	0	0	0	0	0	0	0	0	0	0	0	0	0	0	0	0	0	0	0	0	0	0	0	0	0	0	0	0	0	0	0	0	0	0	0	0	0	0	0	0	0	0	0	0	0	0	0	0	0	0	0	0	0	0	0	0	0	0	0	0	6714458	697544	0	0	5839733	0	0	29535368	14608	0	0	0	0	8095787	23274
D20117D357	9936506	0	5479914	4409166	0	0	0	21381	0	0	0	0	0	0	11024	0	0	0	0	0	0	0	0	0	0	0	0	0	0	0	0	0	0	0	0	0	0	0	0	0	0	4950	0	0	0	0	0	0	0	0	0	0	0	0	0	0	0	0	0	0	0	0	12439	0	781857	0	0	7299	0	0	0	0	0	0	393153	0	0	0	0	15255	0	0	9417	9501	0	0	0	0	0	0	0	26220	0	0	61135	0	0	0	0	0	0	0	0	0	0	0	9861	0	0	0	0	0	0	0	0	33729	0	0	0	410238	0	0	0	0	0	0	0	0	0	0	14626	0	0	0	16840	0	0	0	0	0	0	0	0	0	0	0	15874	104179	10700	0	0	0	0	0	21928028	3198485	63310	159155	3167457	0	0	339690	313127	0	0	157662	15306	4939373	5750256
D20117D4	34123	0	92011	36804665	0	0	0	0	0	0	0	0	0	0	0	0	0	0	0	0	0	0	0	0	0	0	0	0	0	0	0	0	0	0	0	0	0	0	0	0	0	0	0	0	0	0	0	0	0	0	0	0	0	0	0	0	0	0	0	0	0	0	0	0	0	0	0	0	0	0	0	0	0	0	0	0	0	0	0	0	0	0	0	0	0	0	0	0	0	0	0	0	0	0	0	0	0	0	0	0	0	0	0	0	0	0	0	0	0	0	0	0	0	0	0	0	0	0	0	0	0	0	0	0	0	0	0	0	0	0	0	0	0	0	0	0	0	0	0	0	0	0	0	0	0	0	0	0	0	0	0	0	0	0	214074	0	0	0	224084	0	0	30592	301746	0	0	0	0	2059373	17075
D20117D44	123416	0	34749728	1813801	0	0	0	0	0	0	0	0	0	0	97701	0	0	0	0	0	0	0	0	0	0	0	0	0	0	0	0	0	0	0	0	0	0	0	0	0	0	0	0	0	0	0	0	0	0	0	0	0	0	0	0	0	0	0	0	0	0	0	0	0	0	0	0	0	0	0	0	0	0	0	0	0	0	0	0	0	0	0	0	0	0	0	0	0	0	0	0	0	0	0	0	0	0	0	0	0	0	0	0	0	0	0	0	0	0	0	0	0	0	0	0	0	0	0	0	0	0	0	0	0	0	0	0	0	0	0	0	0	0	0	0	0	0	0	0	0	0	0	0	0	0	0	0	0	0	0	0	0	0	0	5449804	1056441	0	13057	10861	0	115607	16671	0	0	0	6988	5350398	3464924	12061
D20117D537	4234712	0	1923964	3470945	6773	0	0	0	0	0	0	0	0	0	19265	0	0	0	0	0	0	0	0	0	0	0	0	0	0	0	0	0	0	0	0	0	0	0	0	0	0	0	0	0	0	0	0	0	0	0	0	0	0	0	0	0	0	0	0	0	10580	0	45527	0	1002784	0	0	10492	21440	0	0	0	0	0	1049469	0	0	0	0	0	0	0	30672	3745	0	0	0	0	0	0	0	59372	0	0	12514	0	0	0	0	0	0	0	0	0	0	0	0	0	0	0	0	0	0	0	0	0	0	0	0	107307	0	0	0	0	0	0	0	0	0	0	0	0	0	0	0	0	0	0	0	0	0	0	0	0	0	0	13244	104575	7440	0	0	0	0	0	25316996	928285	0	0	473184	0	0	391665	35547	0	0	38660	119319	4637575	0
D20117D743	3432777	0	1302647	15050453	52163	0	0	13281	0	0	0	0	0	0	212475	0	0	0	0	0	0	0	4279	0	51030	0	0	0	0	0	0	0	0	0	0	0	0	0	0	0	0	0	0	0	0	0	0	0	35736	0	0	0	0	0	0	0	0	0	0	0	0	3330	18896	0	20776	0	0	6006	104857	0	0	0	0	0	568371	0	0	0	0	11079	0	0	12185	4992	0	0	0	0	0	0	0	103392	0	0	11991	0	0	0	0	0	0	0	0	0	0	0	0	0	0	0	0	0	0	0	0	0	0	0	0	367188	0	0	0	0	0	0	6676	0	0	0	0	0	0	0	4621	0	0	0	0	0	0	0	0	0	0	0	19446	62551	8567	0	0	0	0	0	30634958	1950121	105887	0	832438	0	0	508835	262323	0	0	779745	19760	7141795	0
D20117D76	1411882	0	7032794	9544885	0	0	0	0	0	0	0	0	0	0	29672	0	0	0	0	0	0	0	0	0	0	0	0	0	0	0	0	0	0	0	0	0	0	0	0	0	0	0	0	0	0	0	0	0	0	0	0	0	0	0	0	0	0	0	0	0	392072	0	0	0	1782979	0	0	0	0	0	0	0	0	271243	0	0	0	0	0	0	0	0	0	10739	0	0	0	0	0	0	0	0	0	0	0	0	0	0	0	0	0	0	0	0	0	0	0	10660	0	0	0	0	0	0	0	0	0	0	0	51254	0	0	0	0	0	0	0	0	0	0	0	0	0	0	0	0	0	0	0	0	0	0	0	0	0	0	0	0	64285	0	0	0	0	0	9776374	1122628	0	134018	2137252	0	0	140489	432210	0	0	80108	2311274	4413242	6401430
D20117PRE	642622	0	1040557	16429872	10566	0	0	0	0	0	0	0	0	0	29525	0	0	0	0	0	0	0	0	0	0	0	0	0	0	0	0	0	0	0	0	0	0	0	0	0	0	0	0	0	0	0	0	0	0	0	0	0	0	0	0	0	0	0	0	0	0	0	0	0	663057	0	0	0	0	0	0	0	0	0	249469	0	0	0	0	0	0	0	0	0	0	0	0	0	0	0	0	33601	0	0	0	0	0	0	0	0	0	0	0	0	0	0	0	0	0	0	0	0	0	0	0	0	0	0	0	0	0	0	0	0	0	0	0	0	0	0	0	0	0	0	20401	0	0	0	0	0	0	0	0	0	0	0	45889	0	0	0	0	0	0	0	18763406	4002193	0	0	3194729	0	0	0	454382	0	0	37793	2992079	6463479	19810683
D20215D0	486232	0	812905	0	0	0	0	0	0	0	0	0	0	0	0	0	0	0	0	0	0	0	0	0	0	0	0	0	0	0	0	0	0	0	0	0	0	0	0	0	0	0	0	0	0	0	0	0	0	0	0	0	0	0	0	0	0	0	0	0	0	0	0	0	0	0	0	0	0	0	0	0	0	0	0	0	0	0	0	0	0	0	0	0	0	0	0	0	0	0	0	0	0	0	0	0	0	0	0	0	0	0	0	0	0	0	0	0	0	0	0	0	0	0	0	0	0	0	0	0	0	0	0	0	0	0	0	0	0	0	0	0	0	0	0	0	0	0	0	0	0	0	0	0	0	0	0	0	0	0	0	0	0	0	33077966	34057	0	0	1138173	0	0	0	0	0	0	0	12448	2618591	14542
D20215D16	4318735	0	2806060	79977	0	0	0	0	0	0	0	0	0	0	8891	0	0	0	0	0	0	0	0	0	0	0	0	0	0	0	0	0	0	0	0	0	0	0	0	0	0	0	0	0	0	0	0	0	0	0	0	0	0	0	0	0	0	0	0	0	0	0	0	0	0	0	0	0	0	0	0	0	0	0	0	0	0	0	0	0	0	0	0	0	0	0	0	0	0	0	0	0	0	0	0	0	0	0	0	0	0	0	0	0	0	0	0	0	0	0	0	0	0	0	0	0	0	0	0	0	0	0	0	0	0	0	0	0	0	0	0	0	0	0	0	0	0	0	0	0	0	0	0	0	0	0	0	0	0	0	0	0	0	0	43047565	46082	0	0	482587	0	0	19611	76020	0	0	0	15060	6973465	11770
D20215D177	81330	0	105511	39351283	0	0	0	0	0	0	0	0	0	0	0	0	0	0	0	0	0	0	0	0	0	0	0	0	0	0	0	0	0	0	0	0	0	0	0	0	0	0	0	0	0	0	0	0	0	0	0	0	0	0	0	0	0	0	0	0	0	0	0	0	0	0	0	0	0	0	0	0	0	0	172861	0	0	0	0	0	0	0	0	0	0	0	0	0	0	0	0	0	0	0	0	0	0	0	0	27230	0	0	0	0	0	0	0	0	0	0	0	0	0	0	0	0	0	0	0	0	0	0	0	0	0	0	0	0	0	0	0	0	0	0	0	0	0	0	0	0	0	0	0	0	0	0	0	0	0	0	0	0	0	0	29383178	516658	0	0	7494591	0	0	900591	651062	0	0	0	0	5957787	10659
D20215D22	9575923	0	18703991	143547	58117	0	0	0	0	0	0	0	0	0	0	0	0	0	0	0	0	0	0	0	0	0	0	0	0	0	0	0	0	0	0	0	0	0	0	0	0	0	0	0	0	0	0	0	0	0	0	0	0	0	0	0	0	0	0	0	0	0	0	0	0	0	0	0	0	0	0	0	0	0	0	0	0	0	0	0	0	0	0	0	0	0	0	0	0	0	0	0	0	0	0	0	0	0	0	0	0	0	0	0	0	0	0	0	0	0	0	0	0	0	0	0	0	0	0	0	0	0	0	0	0	0	0	0	0	0	0	0	0	0	0	0	0	0	0	0	0	0	0	0	0	0	0	0	0	0	0	0	0	0	236970	1035307	0	0	29425	0	0	76384	876429	0	0	0	0	2775877	0
D20215D28	880201	0	10608673	27933570	0	0	0	0	0	0	0	0	0	0	0	0	0	0	0	0	0	0	0	0	0	0	0	0	0	0	0	0	22696	0	0	0	0	0	0	0	0	0	0	0	0	0	0	0	0	0	0	0	0	0	0	0	0	0	0	0	0	0	0	0	0	0	0	0	0	0	0	0	0	0	0	0	0	0	0	0	0	0	0	0	0	0	0	0	0	0	0	0	0	0	0	0	0	0	0	0	0	0	0	0	0	0	9684	0	0	7969	0	0	0	0	0	0	0	0	0	0	0	0	0	0	0	0	0	0	0	0	0	0	0	0	0	0	0	0	0	8529	0	0	0	0	0	0	0	0	0	0	0	0	0	0	74190	82578	0	0	15621	0	0	17273	155243	0	0	0	0	795220	12343
D20215D37	731677	0	24989630	154653	0	0	0	0	0	0	0	0	0	0	0	0	0	0	0	0	0	0	0	0	0	0	0	0	0	0	0	0	0	0	0	0	0	0	0	0	0	0	0	0	0	0	0	0	0	0	0	0	0	0	0	0	0	0	0	0	0	0	0	0	0	0	0	0	0	0	0	0	0	0	0	0	0	0	0	0	0	0	0	0	0	0	0	0	0	0	0	0	0	0	0	0	0	0	0	0	0	0	0	0	0	0	0	0	0	0	0	0	0	0	0	0	0	0	0	0	0	0	0	0	0	0	0	0	0	0	0	0	0	0	0	0	0	0	0	0	0	0	0	0	0	0	0	0	0	0	0	0	0	0	884661	46827	0	0	12920875	0	0	337766	398670	0	0	0	0	5156653	9676
D20215D70	2967066	0	1739483	9029272	0	0	0	0	0	0	0	0	0	0	0	0	0	0	0	0	0	0	0	0	0	0	0	0	0	0	0	0	0	0	0	0	0	0	0	0	0	0	0	0	0	0	0	0	0	0	0	0	0	0	0	0	0	0	0	0	0	0	0	0	174922	0	0	0	0	0	0	0	0	0	0	0	0	0	0	0	0	0	0	0	0	0	0	0	0	0	0	0	0	0	0	0	0	0	0	0	0	0	0	0	0	0	0	0	0	0	0	0	0	0	0	0	0	0	0	0	0	0	0	0	0	0	0	0	0	0	0	0	0	0	0	0	0	0	0	0	0	0	0	0	0	0	0	0	0	0	0	0	0	0	21562207	900923	0	16396	1370185	0	0	36457	658423	0	0	0	0	5893102	10182
D20215D91	339376	0	455233	13077457	0	0	0	0	0	0	0	0	0	0	0	0	0	0	0	0	0	0	0	0	0	0	0	0	0	0	0	0	0	0	0	0	0	0	0	0	0	0	0	0	0	10852	0	0	0	0	0	0	0	0	0	0	0	0	0	0	0	0	0	0	145153	0	0	0	0	0	0	0	0	0	0	0	0	0	0	0	0	0	0	0	0	0	0	0	0	0	0	0	0	0	0	0	0	0	0	0	0	0	0	0	0	0	0	0	0	0	0	0	0	0	0	0	0	0	0	0	0	0	0	0	0	0	0	0	0	0	0	0	0	0	0	0	0	0	0	0	0	0	0	0	0	0	0	0	0	0	0	0	0	0	24592310	1485058	0	0	2443833	0	0	74397	279219	0	0	0	24629	8144484	13746
D20215PRE	1499960	0	869340	9450975	24617	0	0	0	0	0	0	0	0	0	36489	0	0	0	0	0	0	0	0	0	0	0	0	0	0	0	0	0	0	0	0	0	0	0	0	0	0	0	0	0	0	0	0	0	0	0	0	0	0	0	0	0	0	0	0	0	0	0	0	0	467954	0	0	0	0	0	0	0	0	55643	79490	0	0	0	0	0	0	0	0	5961	0	0	0	0	0	0	0	0	0	0	0	0	0	0	0	0	0	0	0	0	0	0	0	0	0	0	0	0	0	0	0	0	0	0	0	0	0	0	0	0	0	0	0	0	0	0	0	0	0	0	0	0	0	0	0	0	0	0	0	0	0	0	10200	0	0	0	0	0	0	0	35997879	1159264	139258	0	1625067	0	0	152548	873169	0	0	0	151287	8457806	19905
D20231D1	1634237	0	12032536	18056601	0	0	0	0	0	0	0	0	0	0	290024	0	0	0	0	0	0	0	0	0	0	0	6723	0	0	0	0	0	0	0	0	0	0	0	0	0	0	0	0	0	0	0	0	0	0	0	0	0	0	0	0	0	0	0	0	0	0	0	0	0	0	0	0	0	0	0	0	291844	0	0	0	0	0	0	0	0	0	0	0	0	0	0	0	0	0	0	0	0	0	0	0	0	0	0	0	0	0	0	0	0	0	0	0	0	0	0	0	0	0	0	0	0	0	0	0	0	0	0	0	0	0	0	0	0	0	0	0	0	0	0	0	0	0	0	0	0	0	0	0	0	0	0	0	0	0	0	0	0	0	0	555583	78508	0	0	71570	0	0	0	2901739	0	0	5015	24302	12111079	11416
D20231D14	1246161	0	12235867	1014152	24736	0	0	0	0	0	0	0	0	0	13608	0	0	0	0	0	0	0	0	0	0	0	0	0	0	0	0	0	0	0	0	0	0	0	0	0	0	0	0	0	0	0	0	0	0	0	0	0	0	0	0	0	0	0	0	0	0	0	0	0	10812	0	0	0	0	0	0	0	0	6163	0	0	0	0	0	0	0	0	0	0	0	0	0	0	0	0	0	0	0	0	0	0	0	0	0	0	0	0	0	0	0	0	15224	0	0	0	0	0	0	0	0	0	0	0	0	0	0	0	0	0	0	0	0	0	0	0	0	0	0	0	0	0	0	0	0	4740	0	0	0	0	0	0	0	0	0	0	0	0	0	0	21845265	289716	0	0	185370	0	0	117931	212315	0	0	13131	19076	5612331	11032
D20231D188	2531712	0	383090	3485436	0	2034	0	11205	0	0	0	0	0	0	17460	0	0	0	0	0	0	0	0	0	0	0	83804	0	0	0	0	0	0	0	0	0	0	0	0	0	0	0	0	0	0	0	0	0	0	0	0	0	0	0	0	0	0	0	0	0	0	0	5437	0	252755	11827	0	13928	0	0	0	9569	0	24926	53685	0	11080	0	0	4684	0	6089	15825	5520	0	0	0	0	0	0	127588	16162	0	0	208585	0	0	0	0	0	0	0	0	0	0	0	0	0	0	0	0	0	0	0	0	0	0	0	0	12954	0	0	0	0	0	0	0	0	0	0	40022	0	0	7731	0	0	0	0	0	0	0	0	0	0	13272	0	3780	0	9117	0	0	0	0	0	23922003	722815	0	17120	921883	0	0	28898	310551	0	0	0	54643	4664065	9094116
D20231D21	123716	0	2831718	16217673	0	0	0	0	0	0	0	0	0	0	32243	0	0	0	0	0	0	0	0	0	0	0	0	0	0	0	0	0	0	0	0	0	0	0	0	0	0	0	0	0	0	0	0	0	0	0	0	0	0	0	0	0	0	0	0	0	0	0	0	0	10610	0	0	0	0	0	0	0	0	0	0	0	0	0	0	0	0	0	0	0	0	0	0	0	0	0	0	0	0	0	0	0	0	0	0	0	0	0	0	0	0	0	0	0	0	0	0	0	0	0	0	0	0	0	0	0	0	0	0	0	0	0	0	0	0	0	0	0	0	0	0	0	0	0	0	0	0	0	0	0	0	0	0	0	0	0	0	0	0	0	16028323	24535	0	0	2847881	0	0	0	0	0	0	0	0	6627648	12633
D20231D29	1879434	0	19626647	110473	0	0	0	0	0	0	0	0	0	0	0	0	0	0	0	0	0	0	0	0	0	0	0	0	0	0	0	0	0	0	0	0	0	0	0	0	0	0	0	0	0	0	0	0	0	0	0	0	0	0	0	0	0	0	0	0	0	0	0	0	0	0	0	0	0	0	0	0	0	0	0	0	0	0	0	0	0	0	0	0	0	0	0	0	0	0	0	0	0	0	0	0	0	0	0	0	0	0	0	0	0	0	11869	0	0	0	0	0	0	0	0	0	0	0	0	0	0	0	0	0	0	0	0	0	0	0	0	0	0	0	0	0	0	0	0	5180	0	0	0	0	0	0	0	0	0	0	0	0	0	0	14809255	11786	0	9083	53379	0	0	2162598	1864154	0	0	0	0	10596183	12965
D20231D69	1383732	0	1836862	1459516	0	0	0	0	0	0	0	0	0	0	10766	0	0	0	0	0	0	0	0	0	0	0	0	0	0	0	0	0	0	0	0	0	0	0	0	0	0	0	0	0	0	0	0	0	0	0	0	0	0	0	0	0	0	0	0	0	4237	0	0	0	559998	9931	0	14188	0	0	0	0	0	0	193630	0	0	0	0	0	0	65915	0	3966	0	0	0	0	0	0	4616	7883	0	0	5549	0	0	0	0	0	0	0	0	0	0	0	0	0	0	0	0	0	0	0	0	0	0	0	13260	10569	0	0	0	9537	0	0	0	0	0	0	18438	0	0	0	3869	0	0	0	0	0	0	0	0	0	0	0	4084	0	7137	0	0	0	0	0	18859738	3214832	0	9639	765259	0	0	0	295709	0	0	0	12099	4945359	18759209
D20231D90	2784059	0	512711	1133887	0	2247	0	9465	0	0	0	0	0	0	10055	0	0	0	0	0	0	0	0	0	0	0	0	0	0	0	0	0	0	0	0	0	0	0	0	0	0	0	0	0	0	0	0	0	0	0	0	0	0	0	0	0	0	0	0	3844	0	0	0	0	324849	16213	0	14772	0	0	0	10956	0	0	326696	0	0	0	0	0	0	10099	0	5130	0	0	0	0	0	0	132338	104274	0	0	208867	0	0	0	0	0	0	0	0	0	0	15331	0	0	0	0	0	0	0	0	0	0	0	0	0	849829	0	0	0	17205	0	0	0	0	0	0	28447	0	0	0	3383	0	0	0	0	0	0	0	0	0	0	0	5956	0	8309	0	0	0	0	0	18632275	1591997	0	28113	1135878	0	0	19202	61095	0	0	0	73283	6401544	15385625
D20231PRE	913081	0	164898	8754133	146882	0	0	14451	0	0	0	25025	0	0	34362	0	8160	0	0	0	12965	169283	0	0	0	0	0	0	0	0	0	0	7273	0	0	0	0	0	0	0	0	3971	0	0	0	0	0	0	0	0	0	0	0	0	0	0	0	0	163565	0	0	8737	6166	0	422480	27110	0	5083	25360	0	0	10145	0	59402	89915	0	0	0	0	7726	23820	0	5447	0	0	0	0	15820	0	0	0	24168	0	0	14734	0	0	0	0	0	0	0	0	0	0	0	0	0	0	0	0	0	0	0	16335	37379	0	0	0	0	0	0	0	0	0	0	0	0	0	0	0	26864	20983	0	4588	0	0	0	0	0	0	0	0	0	0	0	0	0	7210	0	10435	0	0	0	28846286	979281	291857	0	143776	0	0	0	203283	0	0	0	389108	7750739	0
D20236D0	107037	0	265757	1780113	0	0	0	0	0	0	0	0	0	0	0	0	0	0	0	0	0	0	0	0	0	0	0	0	0	0	0	0	0	0	0	0	0	0	0	0	0	0	0	0	0	0	0	0	0	0	0	0	0	0	0	0	0	0	0	0	0	0	0	0	0	0	0	0	0	0	0	6452	0	0	15971	0	0	0	0	0	0	0	0	0	0	0	0	0	0	0	0	0	0	0	0	0	0	0	0	0	0	0	0	0	0	9800	0	0	0	0	0	0	0	0	0	0	0	0	0	0	0	0	0	0	0	0	0	0	0	0	0	0	0	0	0	0	0	0	0	0	0	0	0	0	0	0	0	0	0	0	0	0	0	0	12339145	0	0	0	1820158	0	0	16432	7159	0	0	0	2719	3821231	12853
D20236D14	31303	0	35997588	39511	0	0	0	0	0	0	0	0	0	0	0	0	0	0	0	0	0	0	0	0	0	0	0	0	0	0	0	0	0	0	0	0	0	0	0	0	0	0	0	0	0	0	0	0	0	0	0	0	0	0	0	0	0	0	0	0	0	0	0	0	0	0	0	0	0	0	0	0	0	0	0	0	0	0	0	0	0	0	0	0	0	0	0	0	0	0	0	0	0	0	0	0	0	0	0	0	0	0	0	0	0	0	0	0	0	0	0	0	0	0	0	0	0	0	0	0	0	0	0	0	0	0	0	0	0	0	0	0	0	0	0	0	0	0	0	0	0	0	0	0	0	0	0	0	0	0	0	0	0	0	151898	3808	0	0	14704	0	0	0	0	0	0	4886	13320	7878951	12941
D20236D169	3205015	0	621268	0	0	0	0	0	0	0	0	0	0	0	0	0	0	0	0	0	0	0	0	0	0	0	0	0	0	0	0	0	0	0	0	0	0	0	0	0	0	0	0	0	0	0	0	0	0	0	0	0	0	0	0	0	0	0	0	0	0	0	0	0	0	0	0	0	0	0	0	0	0	0	0	0	0	0	0	0	0	0	0	0	0	0	0	0	0	0	0	0	0	0	0	0	0	0	0	0	0	0	0	0	0	0	0	0	0	0	0	0	0	0	0	0	0	0	0	0	0	0	0	0	0	0	0	0	0	0	0	0	0	0	0	0	0	0	0	0	0	0	0	0	0	0	0	0	0	0	0	0	0	0	7011204	0	0	0	717098	0	0	16870	19566	0	0	0	0	1238032	13522
D20236D27	15019	0	52596665	89467	0	0	0	0	0	0	0	0	0	0	0	0	0	0	0	0	0	0	0	0	0	0	0	0	0	0	0	0	0	0	0	0	0	0	0	0	0	0	0	0	0	0	0	0	0	0	0	0	0	0	0	0	0	0	0	0	0	0	0	0	0	0	0	0	0	0	0	0	0	0	0	0	0	0	0	0	0	0	0	0	0	0	0	0	0	0	0	0	0	0	0	0	0	0	0	0	0	0	0	0	0	0	0	0	0	0	0	0	0	0	0	0	0	0	0	0	0	0	0	0	0	0	0	0	0	0	0	0	0	0	0	0	0	0	0	0	0	0	0	0	0	0	0	0	0	0	0	0	0	0	368470	11377	0	0	48540	0	0	18635	28205	0	0	0	11967	-3208183	21724
D20236D34	42565	0	14270347	125764	0	0	0	0	0	0	0	0	0	0	0	0	0	0	0	0	0	0	0	0	0	0	0	0	0	0	0	0	17919	0	0	0	0	0	0	0	0	0	0	0	0	0	0	0	0	0	0	0	0	0	0	0	0	0	0	0	0	0	0	0	0	0	0	0	0	0	0	0	0	0	0	0	0	0	0	0	0	0	0	0	0	0	0	0	0	0	0	0	0	0	0	0	0	0	0	0	0	0	0	0	0	0	8993	0	0	0	0	0	0	0	0	0	0	0	0	0	0	0	0	0	0	0	0	0	0	0	0	0	0	0	0	0	0	0	0	4973	0	0	0	0	0	0	0	0	0	0	0	0	0	0	42362880	10041	0	0	24782	0	0	61082	8767	0	0	0	0	-1597170	14375
D20236D43	69732	0	10829463	143753	0	0	0	0	0	0	0	0	0	0	0	0	0	0	0	0	0	0	0	0	0	0	0	0	0	0	0	0	0	0	0	0	0	0	0	0	0	0	0	0	0	0	0	0	0	0	0	0	0	0	0	0	0	0	0	0	0	0	0	0	0	0	0	0	0	0	0	0	0	0	0	0	0	0	0	0	0	0	0	0	0	0	0	0	0	0	0	0	0	0	0	0	0	0	0	0	0	0	0	0	0	0	12557	0	0	0	0	0	0	0	0	0	0	0	0	0	0	0	0	0	0	0	0	0	0	0	0	0	0	0	0	0	0	0	0	0	0	0	0	0	0	0	0	0	0	0	0	0	0	0	25404032	0	0	0	27605	0	0	20391	4958	0	0	0	0	16517364	16138
D20236D56	221445	0	14760679	50346	0	0	0	0	0	0	0	0	0	0	0	0	0	0	0	0	0	0	0	0	0	0	0	0	0	0	0	0	0	0	0	0	0	0	0	0	0	0	0	0	0	0	0	0	0	0	0	0	0	0	0	0	0	0	0	0	0	0	0	0	0	0	0	0	0	0	0	0	0	0	0	0	0	0	0	0	0	0	0	0	0	0	0	0	0	0	0	5024	0	0	0	0	0	0	0	0	0	0	0	0	0	0	0	0	0	0	0	0	0	0	0	0	0	0	0	0	0	0	0	0	0	0	0	0	0	0	0	0	0	0	0	0	0	0	0	0	0	0	0	0	0	0	0	0	0	0	0	0	0	0	28551285	8593	0	0	0	0	0	45576	10356	0	0	0	0	14370129	12148
D20236D68	182400	0	7088616	116635	0	0	0	0	0	0	0	0	0	0	0	0	0	0	0	0	0	0	0	0	0	0	0	0	0	0	0	0	0	0	0	0	0	0	0	0	0	0	0	0	0	0	0	0	0	0	0	0	0	0	0	0	0	0	0	0	0	0	0	0	0	0	0	0	0	0	0	0	0	0	9365	0	0	0	0	0	0	0	0	0	0	0	0	0	0	0	0	174655	0	0	0	0	0	0	0	0	0	0	0	0	0	0	15155	0	0	0	0	0	0	0	0	0	0	0	0	0	0	0	0	0	0	0	0	0	0	0	0	0	0	0	0	0	0	0	0	4851	0	0	0	0	0	0	0	0	0	0	0	0	0	0	31758368	5620	0	0	43831	0	0	15500	0	0	0	0	13921	11771818	8774
D20236D8	91181	0	542028	33249593	0	0	0	0	0	0	0	0	0	0	0	0	0	0	0	0	0	0	0	0	0	0	0	0	0	0	0	0	0	0	0	0	0	0	0	0	0	0	0	0	0	0	0	0	0	0	0	0	0	0	0	0	0	0	0	0	0	0	0	0	0	0	0	0	0	0	0	10423	0	0	173764	0	0	0	0	0	0	0	0	0	0	0	0	0	0	0	0	0	0	0	0	0	0	0	0	0	0	0	0	0	0	110604	14586	0	0	0	0	0	0	0	0	0	0	0	0	0	0	0	0	0	0	0	0	0	0	0	0	8783	0	0	0	0	0	0	0	4345	0	0	0	0	0	0	0	0	0	0	0	0	0	0	19096940	136629	0	0	2297583	0	0	0	60279	0	0	0	16716	5981878	14525
D20236D99	51745	0	12166778	58614	0	0	0	0	0	0	0	0	0	0	0	0	0	0	0	0	0	0	0	0	0	0	0	0	0	0	0	0	0	0	0	0	0	0	0	0	0	0	0	0	0	0	0	0	0	0	0	0	0	0	0	0	0	0	0	0	0	0	0	0	0	0	0	0	0	0	0	0	0	0	0	0	0	0	0	0	0	0	0	0	0	0	0	0	0	0	0	17617	0	0	0	0	0	0	0	0	0	0	0	0	0	0	9620	0	0	0	0	0	0	0	0	0	0	0	0	0	0	0	0	0	0	0	0	0	0	0	0	0	0	0	0	0	0	0	0	0	0	0	0	0	0	0	0	0	0	0	0	0	0	0	14523971	0	0	0	34798	0	0	0	0	0	0	0	0	11522701	0
D20236PRE	35002	0	410621	15312486	110456	0	0	0	8197	0	0	0	0	0	28908	0	0	0	145779	0	0	0	0	0	0	0	0	0	0	0	0	0	0	0	0	0	0	0	0	0	0	0	0	0	0	0	0	0	0	0	0	0	0	0	0	0	0	0	84543	0	0	0	0	0	0	9144	0	3331	20156	0	0	0	20453	0	59182	0	0	0	0	0	9683	0	0	0	0	0	0	0	0	0	0	0	0	0	419453	0	0	0	0	0	0	0	0	0	0	5446	0	0	0	0	0	0	0	0	0	0	0	0	0	0	0	0	0	0	0	0	0	0	0	0	0	0	0	0	0	0	0	0	0	0	0	0	0	0	0	0	0	0	0	0	0	0	0	0	29301280	1563043	0	0	571272	0	0	117385	47301	0	0	0	73655	9838966	10246
D20248D1	236697	0	7553276	180416	0	0	0	0	0	0	0	0	0	0	0	0	0	0	0	0	0	0	0	0	0	0	0	0	0	0	0	0	0	0	0	0	0	0	0	0	0	0	0	0	0	0	0	0	0	0	0	0	0	0	0	0	0	0	0	0	11192	0	0	0	0	0	0	0	0	0	0	0	0	0	0	0	0	0	0	0	0	0	0	0	0	0	0	0	0	0	0	0	0	0	0	0	0	0	0	0	0	0	0	0	0	0	0	0	0	0	0	0	0	0	0	0	0	0	0	0	0	0	0	0	0	0	0	0	0	0	0	0	0	0	0	0	0	0	0	0	0	0	0	0	0	0	0	0	0	0	0	0	0	0	38857409	37085	0	0	3173515	0	0	0	52054	0	0	0	23640	1426413	14443
D20248D14	44187	0	782503	49187619	0	0	0	0	0	0	0	0	0	0	0	0	0	0	0	0	0	0	0	0	0	0	0	0	0	0	0	0	0	0	0	0	0	0	0	0	0	0	0	0	0	0	0	0	0	0	0	0	0	0	0	0	0	0	0	0	0	0	0	0	0	0	0	0	0	0	0	0	0	0	0	0	0	0	0	0	0	0	0	0	0	0	0	0	0	0	0	0	0	0	0	0	0	0	0	0	0	0	0	0	0	0	0	0	0	0	0	0	0	0	0	0	0	0	0	0	0	0	0	0	0	0	0	0	0	0	0	0	0	0	0	0	0	0	0	0	0	0	0	0	0	0	0	0	0	0	0	0	0	0	4423146	14518	0	0	57751	0	0	20363	959570	0	0	0	0	1605068	0
D20248D194	4987362	0	1983010	3688778	0	0	0	0	0	0	0	0	0	0	12552	0	0	0	0	0	0	0	0	0	0	0	0	0	0	0	0	0	0	0	0	0	0	0	0	0	0	0	0	0	0	0	0	0	0	0	0	0	0	0	0	0	0	0	0	0	0	0	0	0	0	0	0	0	0	0	0	0	0	0	0	0	0	0	0	0	0	0	0	0	0	0	0	0	0	0	0	0	0	0	0	0	0	0	0	0	0	0	0	0	0	0	0	0	0	0	0	0	0	0	0	0	0	0	0	0	0	0	0	0	0	0	0	0	0	0	0	0	0	0	0	0	0	0	0	0	0	0	0	0	0	0	0	0	0	0	0	0	0	0	38035163	21305	0	9221	2279409	0	9793	855540	311436	0	0	0	0	6756730	16696
D20248D21	717981	0	1226052	5651019	0	0	0	0	0	0	0	0	0	0	0	0	0	0	0	0	0	0	0	0	337853	0	44222	0	0	0	0	0	0	0	0	0	0	0	0	0	0	0	0	0	0	0	0	0	0	0	0	0	0	0	0	0	0	0	0	0	0	3674	6229	0	0	0	0	0	0	0	0	6577	0	0	0	0	0	0	0	0	0	0	0	0	0	0	0	0	0	0	0	0	0	0	0	0	0	0	0	0	0	0	0	0	0	0	0	0	0	0	0	0	0	0	0	0	0	0	0	0	0	0	0	0	0	0	0	0	0	0	0	0	0	0	0	0	0	0	0	0	0	0	0	0	0	0	7918	0	0	0	0	0	0	0	45486139	2074450	0	0	1296973	0	0	59380	28630	0	0	0	13936	11638337	11246
D20248D28	24351	0	22358240	10968888	0	0	0	0	0	0	0	0	0	0	0	0	0	0	0	0	0	0	0	0	0	0	0	0	0	0	0	0	7439	0	0	0	0	0	0	0	0	0	0	0	0	0	0	0	0	0	0	0	0	0	0	0	0	0	0	0	0	0	0	0	0	0	0	0	0	0	0	0	0	0	0	0	0	0	0	0	0	0	0	0	0	0	0	0	0	0	0	0	0	0	0	0	0	0	0	0	0	0	0	0	0	0	0	0	0	0	0	0	0	0	0	0	0	0	0	0	0	0	0	0	0	0	0	0	0	0	0	0	0	0	0	0	0	0	0	4247	0	0	0	0	0	0	0	0	0	0	0	0	0	0	2556436	19175	0	0	3419149	0	11893	0	0	0	0	0	0	5002605	0
D20248D54	138484	0	537407	4654952	0	0	0	0	0	0	0	0	0	0	16391	0	0	0	0	0	0	0	0	0	0	0	0	0	0	0	0	0	0	0	0	0	0	0	0	0	0	0	0	0	0	0	0	0	0	0	0	0	0	0	0	0	0	0	0	0	61149	0	0	0	289511	0	0	0	0	0	0	0	0	0	0	0	0	0	0	0	0	0	9948	0	0	0	0	0	0	0	0	0	0	0	0	0	0	0	0	0	0	0	0	0	0	0	0	0	0	0	0	0	0	0	0	0	0	0	0	0	0	0	0	0	0	0	0	0	0	0	0	0	0	0	0	0	0	0	0	0	0	0	0	0	0	0	0	0	0	0	0	0	0	0	36350334	25972	0	17787	6071210	0	104023	697952	153182	0	0	0	29911	6198649	0
D20248D8	112466	0	1281402	14521451	0	0	0	0	0	0	0	0	0	0	8833	0	0	0	0	0	0	0	0	0	0	0	0	0	0	0	0	0	0	0	0	0	0	0	0	0	0	0	0	0	0	0	0	0	0	0	0	0	0	0	0	0	0	0	0	0	0	0	0	0	0	0	0	0	0	0	0	0	0	0	0	0	0	0	0	0	0	0	0	0	0	0	0	0	0	0	0	0	0	0	0	0	0	0	0	0	0	0	0	0	0	0	12789	0	0	0	0	0	0	0	0	0	0	0	0	0	0	0	0	0	0	0	0	0	0	0	0	0	0	0	0	0	0	0	0	0	0	0	0	0	0	0	0	0	0	0	0	0	0	0	22649691	15803	0	0	1372769	0	0	0	3218465	0	0	0	0	6029859	15435
D20248PRE	63863	0	621148	14393397	0	0	0	0	0	0	0	0	0	0	22239	0	0	0	0	0	0	0	0	0	0	0	0	0	0	0	0	0	0	0	0	0	0	0	0	0	0	0	0	0	0	0	0	0	0	0	0	0	0	0	0	0	0	0	0	0	0	0	0	0	0	0	0	0	0	0	0	0	0	0	0	0	0	0	0	0	0	0	0	0	0	0	0	0	0	0	0	0	0	0	0	0	0	0	0	0	0	0	0	0	0	0	0	0	0	0	0	0	0	0	0	0	0	0	0	0	0	0	0	0	0	0	0	0	0	0	0	0	0	0	0	0	0	0	0	0	0	0	0	0	0	0	0	0	0	0	0	0	0	0	17895802	179803	43405	0	5616756	0	0	708118	3986009	0	0	0	13375	2915361	14113
D20622D-1	171419	0	766502	15169	0	0	0	0	0	0	0	0	0	0	0	0	0	0	0	0	0	3939	0	0	0	0	0	0	0	0	0	0	0	0	0	0	0	0	0	0	0	0	0	0	0	0	0	0	0	0	0	0	0	0	0	0	0	0	0	0	7094	0	0	0	0	0	0	0	0	0	0	0	0	0	66804	0	0	0	0	0	0	0	0	89842	0	0	0	0	0	0	0	0	0	0	0	0	0	0	0	0	0	0	0	0	0	0	0	0	0	0	0	0	0	0	0	0	0	0	0	0	0	0	0	0	0	0	0	0	0	0	0	0	0	0	0	0	0	0	0	0	0	0	0	0	0	0	0	0	0	0	0	0	0	0	37173103	17794	0	0	2090147	0	0	761108	0	0	0	0	0	8928750	11441
D20622D11	804719	0	194255	9725983	0	2068	0	0	0	0	0	0	0	0	0	0	0	0	0	0	0	0	0	0	0	0	0	0	0	0	0	0	0	0	0	0	0	0	0	0	0	0	0	0	0	0	0	0	0	0	0	0	0	0	0	0	0	0	0	0	0	0	0	0	0	0	0	0	19799	0	0	0	38051	0	0	0	0	0	0	0	0	0	0	0	0	0	0	0	0	0	0	0	0	0	0	0	0	0	0	0	0	0	0	0	0	0	0	7432	0	0	0	0	0	0	0	0	0	0	0	0	0	0	0	0	0	0	0	0	0	0	0	0	0	0	0	0	0	0	0	0	0	0	0	0	0	0	0	0	0	0	0	0	0	0	18375423	854146	0	18924	639663	0	0	59755	2077096	0	0	0	316165	6382230	10284
D20622D14	72799	0	26305262	54177	0	0	0	0	0	0	0	0	0	0	0	0	0	0	0	0	0	0	0	0	0	0	0	0	0	0	0	0	0	0	0	0	0	0	0	0	0	0	0	0	0	0	0	0	0	0	0	0	0	0	0	0	0	0	0	0	0	0	0	0	0	0	0	0	0	0	0	0	0	0	0	0	0	0	0	0	0	0	0	0	0	0	0	0	0	0	0	0	0	0	0	0	0	0	0	0	0	0	0	0	0	0	0	0	0	0	0	0	0	0	0	0	0	0	0	0	0	0	0	0	0	0	0	0	0	0	0	0	0	0	0	0	0	0	0	0	0	0	0	0	0	0	0	0	0	0	0	0	0	0	151315	17230	0	0	27288	0	0	0	32538	0	0	0	0	4954154	0
D20622D167	5546	0	38858792	83748	0	0	0	0	0	0	0	0	0	0	0	0	0	0	0	0	0	0	0	0	0	0	0	0	0	0	0	0	0	0	0	0	0	0	0	0	0	0	0	0	0	0	0	0	0	0	0	0	0	0	0	0	0	0	0	0	0	0	0	0	0	0	0	0	0	0	0	0	0	0	0	0	0	0	0	0	0	0	0	0	0	0	0	0	0	0	0	0	0	0	0	0	0	0	0	0	0	0	0	0	0	0	0	0	0	0	0	0	0	0	0	0	0	0	0	0	0	0	0	0	0	0	0	0	0	0	0	0	0	0	0	0	0	0	0	0	0	0	0	0	0	0	0	0	0	0	0	0	0	0	201539	11233	0	0	29506	0	0	0	0	0	0	0	0	4796806	9808
D20622D20	177449	0	31689142	129279	0	0	0	0	0	0	0	0	0	0	0	0	0	0	0	0	0	0	0	0	0	0	0	0	0	0	0	0	26943	0	0	0	0	0	0	0	0	0	0	0	0	0	0	0	0	0	0	0	0	0	0	0	0	0	0	0	0	0	0	0	0	0	0	0	0	0	0	0	0	0	0	0	0	0	0	0	0	0	0	0	0	0	0	0	0	0	0	0	0	0	0	0	0	0	0	0	0	0	0	0	0	0	12259	0	0	9346	0	0	0	0	0	0	0	0	0	0	0	0	0	0	0	0	0	0	0	0	0	0	0	0	0	0	0	0	0	10662	0	0	0	0	0	0	0	0	0	0	0	0	0	0	383476	15690	0	0	16673	0	0	0	1429801	0	0	0	0	11498390	14789
D20622D25	7985	0	263243	98279	0	0	0	0	0	0	0	0	0	0	0	0	0	0	0	0	0	0	0	0	0	0	0	0	0	0	0	0	0	0	0	0	0	0	0	0	0	0	0	0	0	0	0	0	0	0	0	0	0	0	0	0	0	0	0	0	0	0	0	0	0	0	0	0	0	0	0	0	0	0	0	0	0	0	0	0	0	0	0	0	0	0	0	0	0	0	0	0	0	0	0	0	0	0	0	0	0	0	0	0	0	0	0	0	0	0	0	0	0	0	0	0	0	0	0	0	0	0	0	0	0	0	0	0	0	0	0	0	0	0	0	0	0	0	0	0	0	0	0	0	0	0	0	0	0	0	0	0	0	0	123077	21348	0	0	16781	0	0	19798612	62469	0	0	0	0	18728913	0
D20622D276	4569	0	41743628	65497	0	0	0	0	0	0	0	0	0	0	0	0	0	0	0	0	0	0	0	0	0	0	0	0	0	0	0	0	15722	0	0	0	0	0	0	0	0	0	0	0	0	0	0	0	0	0	0	0	0	0	0	0	0	0	0	0	0	0	0	0	0	0	0	0	0	0	0	0	0	0	0	0	0	0	0	0	0	0	0	0	0	0	0	0	0	0	0	0	0	0	0	0	0	0	0	0	0	0	0	0	0	0	7825	0	0	0	0	0	0	0	0	0	0	0	0	0	0	0	0	0	0	0	0	0	0	0	0	0	0	0	0	0	0	0	0	5204	0	0	0	0	0	0	0	0	0	0	0	0	0	0	295688	17232	0	0	12332	0	0	0	0	0	0	0	11010	4040012	12062
D20622D28	2732975	0	3216061	12113	0	0	0	0	0	0	0	0	0	0	0	0	0	0	0	0	0	0	0	0	0	0	0	0	0	0	0	0	0	0	0	0	0	0	0	0	0	0	0	0	0	0	0	0	0	0	0	0	0	0	0	0	0	0	0	0	0	0	0	0	0	0	0	0	0	0	0	0	0	0	0	0	0	0	0	0	0	0	0	0	0	0	0	0	0	0	0	0	0	0	0	0	0	0	0	0	0	0	0	0	0	0	0	0	0	0	0	0	0	0	0	0	0	0	0	0	0	0	0	0	0	0	0	0	0	0	0	0	0	0	0	0	0	0	0	0	0	0	0	0	0	0	0	0	0	0	0	0	0	0	28074559	18145	0	0	25205	0	0	9402576	902450	0	0	0	0	4331103	0
D20622D32	30419	0	23454006	10737793	0	0	0	0	0	0	0	0	0	0	0	0	0	0	0	0	0	0	0	0	0	0	0	0	0	0	0	0	0	0	0	0	0	0	0	0	0	0	0	0	0	0	0	0	0	0	0	0	0	0	0	0	0	0	0	0	0	0	0	0	0	0	0	0	0	0	0	0	0	0	0	0	0	0	0	0	0	0	0	0	0	0	0	0	0	0	0	0	0	0	0	0	0	0	0	0	0	0	0	0	0	0	0	0	0	0	0	0	0	0	0	0	0	0	0	0	0	0	0	0	0	0	0	0	0	0	0	0	0	0	0	0	0	0	0	0	0	0	0	0	0	0	0	0	0	0	0	0	0	0	164550	11123	0	0	30491	0	0	2001589	4140802	0	0	0	0	2776182	10058
D20622D64	683766	0	25461741	75177	0	0	0	0	0	0	0	0	0	0	0	0	0	0	0	0	0	0	0	0	0	0	0	0	0	0	0	0	0	0	0	0	0	0	0	0	0	0	0	0	0	0	0	0	0	0	0	0	0	0	0	0	0	0	0	0	10905	0	0	0	0	0	0	0	0	0	0	0	0	0	0	0	0	0	0	0	0	0	0	0	0	0	0	0	0	0	0	0	0	0	0	0	0	0	0	0	0	0	0	0	0	0	0	0	0	0	0	0	0	0	0	0	0	0	0	0	0	0	0	0	0	0	0	0	0	0	0	0	0	0	0	0	0	0	0	0	0	0	0	0	0	0	0	0	0	0	13382	0	0	0	83725987	9549	0	9707	1494465	0	0	45421379	6671209	0	0	0	0	24342194	14054
D20622D7	53457	0	38170163	83617	0	0	0	0	0	0	0	0	0	0	0	0	0	0	0	0	0	0	0	0	0	0	0	0	0	0	0	0	0	0	0	0	0	0	0	0	0	0	0	0	0	0	0	0	0	0	0	0	0	0	0	0	0	0	0	0	0	0	0	0	0	0	0	0	0	0	0	0	0	0	0	0	0	0	0	0	0	0	0	0	0	0	0	0	0	0	0	0	0	0	0	0	0	0	0	0	0	0	0	0	0	0	0	0	0	0	0	0	0	0	0	0	0	0	0	0	0	0	0	0	0	0	0	0	0	0	0	0	0	0	0	0	0	0	0	0	0	0	0	0	0	0	0	0	0	0	0	0	0	0	235501	5014	0	0	17804	0	0	0	31697	0	0	0	0	6981362	13337
D20622D90	3381658	0	886322	107860	0	0	0	0	0	0	0	0	0	0	0	0	0	0	0	0	0	0	0	0	0	0	0	0	0	0	0	0	0	0	0	0	0	0	0	0	0	0	0	0	0	0	0	0	0	0	0	0	0	0	0	0	0	0	0	0	0	0	0	0	0	0	0	0	0	0	0	0	0	0	0	0	0	0	0	0	0	0	0	0	0	0	0	0	0	0	0	0	0	0	0	0	0	0	0	0	0	0	0	0	0	0	0	0	0	0	0	0	0	0	0	0	0	0	0	0	0	0	0	0	0	0	0	0	0	0	0	0	0	0	0	0	0	0	0	0	0	0	0	0	0	0	0	0	0	0	0	0	0	0	26752461	0	0	0	14680798	0	0	4749483	100938	0	0	0	1814317	3350784	9028
D20622PRE	390416	0	224416	98657	0	0	0	0	0	0	0	0	0	0	0	0	0	0	0	0	0	4917	0	0	0	0	0	0	0	0	0	0	0	0	0	0	0	0	0	0	0	0	0	0	0	0	0	0	0	0	0	0	0	0	0	0	0	0	0	0	0	0	0	0	0	0	0	0	0	0	0	0	0	0	28676	0	0	0	0	0	0	0	0	17950	0	0	0	0	0	0	0	0	0	0	0	0	0	0	0	0	0	0	0	0	0	0	0	0	0	0	0	0	0	0	0	0	0	0	0	0	0	0	0	0	0	0	0	0	0	0	0	0	0	0	0	0	0	0	0	0	0	0	0	0	0	0	0	0	0	0	0	0	0	0	30770602	137166	0	0	1972947	0	0	235384	305820	0	0	0	12601	6445568	3929596
D20653D103	157499	0	6789457	1167005	0	0	0	0	0	0	0	0	0	0	0	0	0	0	0	0	0	0	0	0	0	0	0	0	0	0	0	0	0	0	0	0	0	0	0	0	0	0	0	0	0	0	0	0	0	0	0	0	0	0	0	0	0	0	0	0	6299	0	0	0	0	0	0	0	0	0	0	0	0	0	0	0	0	0	0	0	0	0	0	0	0	0	0	0	0	0	0	0	0	0	0	0	0	0	0	0	0	0	0	0	0	0	0	0	0	0	0	0	0	0	0	0	0	0	0	0	0	0	0	0	0	0	0	0	0	0	0	0	0	0	0	0	0	0	0	0	0	0	0	0	0	0	0	0	0	0	0	0	0	0	27385145	8401	288733	0	3699150	0	0	830309	627157	0	0	14200	0	6801323	0
D20653D12	1321735	15115	5391616	8626028	171238	0	0	0	0	0	0	0	0	0	0	0	0	0	0	0	0	0	0	0	0	0	0	0	0	0	0	0	0	0	0	0	0	0	0	0	0	0	0	0	0	0	0	0	0	0	0	0	0	0	0	0	0	0	0	0	0	0	0	0	0	0	0	0	0	0	0	0	0	0	0	0	0	0	0	0	0	0	0	0	0	0	0	0	0	0	0	0	0	0	0	0	0	0	0	0	0	0	0	0	0	0	0	0	0	0	0	0	0	0	0	0	0	0	0	0	0	0	0	0	0	0	0	0	0	0	0	0	0	0	0	0	0	0	0	0	0	0	0	0	0	0	0	0	0	0	0	0	0	0	714886	23815	0	0	110865	38360	9555	14148	34751	0	0	0	0	4026250	0
D20653D22	80437	0	2096062	52432	40076	0	0	0	0	0	0	0	0	0	0	0	0	0	0	0	0	0	0	0	0	0	0	0	0	0	0	0	0	0	0	0	0	0	0	0	0	0	0	0	0	0	0	0	0	0	0	0	0	0	0	0	0	0	0	0	0	0	0	0	0	0	0	0	0	0	0	0	0	0	0	0	0	0	0	0	0	0	0	0	0	0	0	0	0	0	0	0	0	0	0	0	0	0	0	0	0	0	0	0	0	0	0	0	0	0	0	0	0	0	0	0	0	0	0	0	0	0	0	0	0	0	0	0	0	0	0	0	0	0	0	0	0	0	0	0	0	0	0	0	0	0	0	0	0	0	0	0	0	0	37736	0	0	5213	0	17126	0	0	8570	0	0	0	0	1017159	20538
D20653D29	89248	0	25343682	395322	0	0	0	0	0	0	0	0	0	0	0	0	0	0	0	0	0	0	0	0	0	0	0	0	0	0	0	0	0	0	0	0	0	0	0	0	0	0	0	0	0	0	0	0	0	0	0	0	0	0	0	0	0	0	0	0	0	0	0	0	0	0	0	0	0	0	0	0	0	0	0	0	0	0	0	0	0	0	0	0	0	0	0	0	0	0	0	0	0	0	0	0	0	0	0	0	0	0	0	0	0	0	0	0	0	0	0	0	0	0	0	0	0	0	0	0	0	0	0	0	0	0	0	0	0	0	0	0	0	0	0	0	0	0	0	0	0	0	0	0	0	0	0	0	0	0	0	0	0	0	48842	0	0	0	0	0	0	20975	757957	0	0	0	0	1136893	17958
D20653D7	203766	0	22625267	83603	0	0	0	0	0	0	0	0	0	0	0	0	0	0	0	0	0	0	0	0	0	0	0	0	0	0	0	0	0	0	0	0	0	0	0	0	0	0	0	0	0	0	0	0	0	0	0	0	0	0	0	0	0	0	0	0	0	0	0	0	0	0	0	0	0	0	0	0	0	0	0	0	0	0	0	0	0	0	0	0	0	0	0	0	0	0	0	0	0	0	0	0	0	0	0	0	0	0	0	0	0	0	0	0	0	0	0	0	0	0	0	0	0	0	0	0	0	0	0	0	0	0	0	0	0	0	0	0	0	0	0	0	0	0	0	0	0	0	0	0	0	0	0	0	0	0	0	0	0	0	7610953	71138	0	6941	9108949	0	6714	18554	48470	0	0	0	12303	7022553	13392
D20653PRE	59575	0	19840355	34855	0	0	0	0	0	0	0	0	0	0	0	0	0	0	0	0	0	0	0	0	0	0	0	0	0	0	0	0	0	0	0	0	0	0	0	0	0	0	0	0	0	0	0	0	0	0	0	0	0	0	0	0	0	0	0	0	0	0	0	0	0	0	0	0	0	0	0	0	0	0	0	0	0	0	0	0	0	0	0	0	0	0	0	0	0	0	0	0	0	0	0	0	0	0	0	0	0	0	0	0	0	0	0	0	0	0	0	0	0	0	0	0	0	0	0	0	0	0	0	0	0	0	0	0	0	0	0	0	0	0	0	0	0	0	0	0	0	0	0	0	0	0	0	0	0	0	0	0	0	0	12335664	15064	0	0	20548305	0	0	0	1185166	0	0	0	0	2092753	10369
D20726D0	114039	0	11567564	99006	0	0	0	0	0	0	0	0	0	0	0	0	0	0	0	0	0	0	0	0	0	0	0	0	0	0	0	0	17193	0	0	0	0	0	0	0	0	0	0	0	0	0	0	0	0	0	0	0	0	0	0	0	0	0	0	0	0	0	0	0	0	0	0	0	0	0	0	0	0	0	0	0	0	0	0	0	0	0	0	53237	0	0	0	0	0	0	0	0	0	0	0	0	0	0	0	0	0	0	0	0	0	0	6175	0	0	0	0	0	0	0	0	0	0	0	0	0	0	0	0	0	0	0	0	0	0	0	0	0	0	0	0	0	0	0	0	6152	0	0	0	0	0	0	0	0	0	0	0	0	0	0	23764870	8154	0	6342	0	0	24010	50043	11586	0	0	0	1699	12777424	0
D20726D174	76906	0	271903	106094	0	0	0	0	0	0	0	0	0	0	0	0	0	0	0	0	0	0	0	0	0	0	0	0	0	0	0	0	0	0	0	0	0	0	0	0	0	0	0	0	0	0	0	0	0	0	0	0	0	0	0	0	0	0	0	0	0	0	0	0	0	0	0	0	0	0	0	0	0	0	0	0	0	0	0	0	0	0	0	0	0	0	0	0	0	0	0	0	0	0	0	0	0	0	0	0	0	0	0	0	0	0	0	0	0	0	0	0	0	0	0	0	0	0	0	0	0	0	0	0	0	0	0	0	0	0	0	0	0	0	0	0	0	0	0	0	0	0	0	0	0	0	0	0	0	0	0	0	0	0	178575	18957	0	0	0	0	0	29228806	3860535	0	0	0	0	16354576	0
D20726D28	88339	21846	1300712	61480	18136	0	0	0	0	0	0	0	0	0	0	0	0	0	0	0	0	3985	0	0	0	0	0	0	0	0	0	0	0	0	0	0	0	0	0	0	0	0	0	0	0	0	0	0	0	0	0	0	0	0	0	0	0	0	0	0	5500	0	0	0	0	0	0	0	0	0	0	0	0	0	23691	0	0	0	0	0	0	0	0	105073	0	0	0	0	0	0	0	0	0	0	0	0	0	0	0	0	0	0	0	0	0	0	0	0	0	0	0	0	0	0	0	0	0	0	0	0	0	0	0	0	0	0	0	0	0	0	0	0	0	0	0	0	0	0	0	0	0	0	0	0	0	0	0	0	0	0	0	0	0	0	32691699	30904	0	0	1615385	0	0	589299	13898	0	0	0	12306	6406241	18000
D20726D366	90404	0	382642	48481	0	0	0	0	0	0	0	0	0	0	23189	0	0	0	0	0	0	0	0	0	771420	0	0	0	0	0	0	0	0	0	0	0	0	0	0	0	0	0	0	0	0	0	0	0	0	0	0	0	0	0	0	0	0	0	0	0	5956674	0	0	0	0	0	0	0	0	0	0	9129	0	0	0	0	0	0	0	0	0	0	0	0	0	0	0	0	0	0	0	5110	0	0	0	0	0	0	0	0	0	0	0	0	0	0	0	0	0	0	0	0	0	0	0	55251	0	0	0	37001	0	0	0	0	0	0	0	0	0	0	0	0	0	0	3136	3533	0	0	0	0	0	0	0	0	76181	0	7457	0	0	0	0	0	0	0	40294702	420853	0	0	2135013	0	0	78710	687628	0	0	0	0	2955173	13276
D20726D62	47261	0	61105470	57661	0	0	0	0	0	0	0	0	0	0	0	0	0	0	0	0	0	0	0	0	0	0	0	0	0	0	0	0	0	0	0	0	0	0	0	0	0	0	0	0	0	0	0	0	0	0	0	0	0	0	0	0	0	0	0	0	0	0	0	0	0	0	0	0	0	0	0	0	0	0	0	0	0	0	0	0	0	0	0	0	0	0	0	0	0	0	0	0	0	0	0	0	0	0	0	0	0	0	0	0	0	0	0	0	0	0	0	0	0	0	0	0	0	0	0	0	0	0	0	0	0	0	0	0	0	0	0	0	0	0	0	0	0	0	0	0	0	0	0	0	0	0	0	0	0	0	0	0	0	0	132326	0	0	0	0	0	0	2942918	14460	0	0	0	11460	14503099	21099
D20726D97	38928	0	15212019	29327	0	0	0	0	0	0	0	0	0	0	0	0	0	0	0	0	0	0	0	0	0	0	0	0	0	0	0	0	0	0	0	0	0	0	0	0	0	0	0	0	0	0	0	0	0	0	0	0	0	0	0	0	0	0	0	0	0	0	0	0	0	0	0	0	0	0	0	0	0	0	0	0	0	0	0	0	0	0	0	0	0	0	0	0	0	0	0	0	0	0	0	0	0	0	0	0	0	0	0	0	0	0	0	0	0	0	0	0	0	0	0	0	0	0	0	0	0	0	0	0	0	0	0	0	0	0	0	0	0	0	0	0	0	0	0	0	0	0	0	0	0	0	0	0	0	0	0	0	0	0	120007	0	0	0	12880	0	0	9519780	24192	0	0	0	0	11292956	0
D20726PRE	583888	0	252058	86526	0	0	0	10553	0	0	0	0	0	0	0	0	0	0	0	0	10610	0	0	0	0	0	0	0	0	0	0	0	0	0	0	0	0	0	0	0	0	0	0	0	0	0	0	0	0	0	0	0	0	0	0	0	0	0	0	0	0	0	0	0	163694	0	0	0	0	0	0	0	0	0	0	0	0	0	0	0	0	0	62901	237153	0	0	0	0	4176	0	0	27006	0	0	0	0	0	0	0	0	0	0	0	0	0	0	0	7741	0	0	0	0	0	0	0	0	0	0	0	0	0	0	0	16025	0	0	0	0	0	0	0	8751	0	0	0	0	0	0	0	0	0	0	0	0	0	0	71034	0	31888	0	0	0	0	0	42511226	682681	0	0	4149482	0	0	779541	203073	0	0	29619	1776006	7746916	13975
D20784D113	165185	0	2258584	4429416	0	0	0	0	0	0	0	0	0	0	0	0	0	0	0	0	0	75569	0	0	0	0	0	0	0	0	0	0	0	0	0	0	0	0	0	0	0	0	0	0	0	0	0	0	0	0	0	0	0	0	0	0	0	0	0	0	10382	0	0	0	554514	30768	0	0	0	0	0	0	0	0	0	0	0	0	0	0	0	0	0	0	0	0	0	0	0	0	0	0	0	0	0	0	0	0	0	0	0	0	0	0	0	0	0	0	0	0	0	0	0	0	0	0	0	0	0	54687	0	0	0	0	0	0	0	0	0	0	0	74821	0	0	0	0	0	0	0	0	0	0	0	0	0	0	65469	0	0	0	0	0	0	0	29621759	11458	0	0	4237322	0	0	0	123506	0	0	0	205221	10301713	5431899
D20784D12	16894	0	2056294	29610257	0	0	0	0	0	0	0	0	0	0	0	0	0	0	0	0	0	0	0	0	0	0	0	0	0	0	0	0	0	0	0	0	0	0	0	0	0	0	0	0	0	0	0	0	0	0	0	0	0	0	0	0	0	0	0	0	0	0	0	0	0	0	0	0	0	0	0	0	0	0	0	0	0	0	0	0	0	0	0	0	0	0	0	0	0	0	0	0	0	0	0	0	0	0	0	0	0	0	0	0	0	0	0	0	0	0	0	0	0	0	0	0	0	0	0	0	0	0	0	0	0	0	0	0	0	0	0	0	0	0	0	0	0	0	0	0	0	0	0	0	0	0	0	0	0	0	0	0	0	0	2491590	0	0	0	421163	0	0	0	0	0	0	0	0	7734401	10498
D20784D171	66260	0	4074007	5446385	0	0	0	0	0	0	0	15164	0	0	0	0	0	0	0	0	0	25629	0	0	0	0	0	0	0	0	0	0	0	0	0	0	0	0	0	0	0	0	0	0	0	0	0	0	8317	0	0	0	0	0	0	0	0	0	0	0	16523	0	0	0	1221479	41984	0	0	0	0	0	0	0	192617	0	0	0	0	0	9323	0	0	0	5293	0	0	0	0	0	0	0	0	0	0	0	0	0	0	0	0	0	0	0	0	0	0	15789	0	0	0	0	12636	0	0	261294	0	0	0	0	0	0	0	0	0	0	0	0	0	0	0	0	13651	0	0	10707	0	0	0	0	0	0	0	0	0	17242	0	65285	0	0	0	0	0	0	0	31770183	5412	0	0	8388479	0	0	548249	299129	0	0	0	584797	8838597	9178162
D20784D24	9620	0	16367806	9007475	0	0	0	0	0	0	0	0	0	0	0	0	0	0	0	0	0	0	0	0	0	0	0	0	0	0	0	0	0	0	0	0	0	0	0	0	0	0	0	0	0	0	0	0	0	0	0	0	0	0	0	0	0	0	0	0	0	0	0	0	0	0	0	0	0	0	0	0	0	0	0	0	0	0	0	0	0	0	0	0	0	0	0	0	0	0	0	0	0	0	0	0	0	0	0	0	0	0	0	0	0	0	0	0	0	0	0	0	0	0	0	0	0	0	0	0	0	0	0	0	0	0	0	0	0	0	0	0	0	0	0	0	0	0	0	0	0	0	0	0	0	0	0	0	0	0	0	0	0	0	791676	7048	0	0	9347957	0	0	5666072	17268	0	0	0	0	4256862	9765
D20784D61	0	0	14919300	8890961	0	0	0	0	0	0	0	0	0	0	0	0	0	0	0	0	0	0	0	0	0	0	0	0	0	0	0	0	0	0	0	0	0	0	0	0	0	0	0	0	0	0	0	0	0	0	0	0	0	0	0	0	0	0	0	0	0	0	0	0	0	0	0	0	0	0	0	0	0	0	0	0	0	0	0	0	0	0	0	0	0	0	0	0	0	0	0	0	0	0	0	0	0	0	0	0	0	0	0	0	0	0	0	0	0	0	0	0	0	0	0	0	0	0	0	0	0	0	0	0	0	0	0	0	0	0	0	0	0	0	0	0	0	0	0	0	0	0	0	0	0	0	6068	0	0	0	0	0	0	0	5400285	3947	0	0	11228296	0	0	4080489	1313807	0	0	0	0	4639439	11649
D20784D7	35968	0	13109396	10441534	0	0	0	0	0	0	0	0	0	0	0	0	0	0	0	0	0	0	0	0	0	0	0	0	0	0	0	0	0	0	0	0	0	0	0	0	0	0	0	0	0	0	0	0	0	0	0	0	0	0	0	0	0	0	0	0	0	0	0	0	0	0	0	0	0	0	0	0	0	0	0	0	0	0	0	0	0	0	0	0	0	0	0	0	0	0	0	0	0	0	0	0	0	0	0	0	0	0	0	0	0	0	11338	0	0	0	0	0	0	0	0	0	0	0	0	0	0	0	0	0	0	0	0	0	0	0	0	0	0	0	0	0	0	0	0	0	0	0	0	0	0	0	85320	0	0	0	0	0	0	0	1394652	12524	0	0	28634516	0	0	24332	8867	0	0	0	0	5167635	18449
D20784D89	28793	0	418292	240120	0	0	0	0	0	0	0	0	0	0	0	0	0	0	0	0	0	0	0	0	0	0	0	0	0	0	0	0	0	0	0	0	0	0	0	0	0	0	0	0	0	0	0	0	0	0	0	0	0	0	0	0	0	0	0	0	10630	0	0	0	228756	16110	0	0	0	0	0	0	0	0	0	0	0	0	0	0	0	0	0	0	0	0	0	0	0	0	0	0	0	0	0	0	0	0	0	0	0	0	0	0	0	0	0	0	0	0	0	0	0	0	0	0	0	0	0	0	0	0	0	0	0	0	0	0	0	0	0	0	0	0	0	0	0	0	0	0	0	0	0	0	0	0	28140	0	0	0	0	0	0	0	32447822	6317	0	0	2865640	0	0	0	0	0	0	0	83985	4183738	8488744
D20784PRE	14990	0	236008	4735653	0	0	0	0	0	0	0	0	0	0	0	0	0	0	0	0	0	0	0	0	0	0	0	0	0	0	0	0	0	0	0	0	0	0	0	0	0	0	0	0	0	0	0	0	0	0	0	0	0	0	0	0	0	0	0	0	9110	0	0	0	10165	0	0	0	9348	0	0	0	0	0	0	0	0	0	0	0	0	0	0	4824	0	0	0	0	0	0	0	0	0	0	0	0	0	0	0	0	0	0	0	0	0	0	0	0	0	0	0	0	0	0	0	0	0	0	0	0	0	0	0	0	0	0	0	0	0	0	0	0	0	0	0	0	0	566823	0	0	0	0	0	0	0	0	119112	0	0	0	0	0	0	0	33289222	3284072	0	0	1079168	0	0	39366	16004	0	0	0	234902	7814408	16045
D20923D15	283402	0	13365757	18040580	0	0	0	0	0	0	0	0	0	0	0	0	0	0	0	0	0	0	0	0	0	0	0	0	0	0	0	0	0	0	0	0	0	0	0	0	0	0	0	0	0	0	0	0	0	0	0	0	0	0	0	0	0	0	0	0	0	0	0	0	0	0	0	0	0	0	0	0	0	0	0	0	0	0	0	0	0	0	0	0	0	5022	0	0	0	0	0	0	0	0	0	0	0	0	0	0	0	0	0	0	0	0	0	0	0	0	0	0	0	0	0	0	0	0	0	0	0	0	0	0	0	0	0	0	0	0	0	0	0	0	0	0	0	0	0	0	0	0	0	0	0	0	0	0	0	0	0	0	0	0	8008353	22850	0	0	473020	0	0	7340083	971078	0	0	0	12635	6672931	21858
D20923D22	1544037	0	5257987	9855947	0	0	0	0	0	0	0	0	0	0	7067	0	0	0	0	0	0	0	0	0	0	0	0	0	0	0	0	0	0	0	0	0	0	0	0	0	0	0	0	0	0	0	0	0	0	0	0	0	0	0	0	0	0	0	0	0	0	0	0	0	0	0	0	0	0	0	0	0	0	0	0	0	0	0	0	0	0	0	0	0	0	6874	0	0	0	0	0	0	0	0	0	0	0	0	0	0	0	0	0	0	0	0	0	0	0	0	0	0	0	0	0	0	0	0	0	0	0	0	0	0	0	0	0	0	0	0	0	0	0	0	0	0	0	0	0	0	0	0	0	0	0	0	0	0	0	0	0	0	0	0	20103626	34316	0	0	1425788	0	0	3446791	297155	0	0	0	22193	1816801	15066
D20923D8	515436	0	3773420	15934633	0	0	0	0	0	0	0	0	0	0	0	0	0	0	0	0	0	0	0	0	0	0	0	0	0	0	0	0	0	0	0	0	0	0	0	0	0	0	0	0	0	0	0	0	0	0	0	0	0	0	0	0	0	0	0	0	0	0	0	0	0	0	0	0	0	0	0	0	0	0	0	0	0	0	0	0	0	0	0	0	0	0	0	0	0	0	0	0	0	0	0	0	0	0	0	0	0	0	0	0	0	0	0	0	0	0	0	0	0	0	0	0	0	0	0	0	0	0	0	0	0	0	0	0	0	0	0	0	0	0	0	0	0	0	0	0	0	0	0	0	0	0	0	0	0	0	0	0	0	0	5454110	62232	0	0	52208	0	0	22167277	100219	0	0	0	0	6519475	0
D20923D98	126608	0	982064	19501407	0	0	0	0	0	0	0	0	0	0	25967	0	0	0	0	0	0	0	0	0	0	0	0	0	0	0	0	0	0	0	0	0	0	0	0	0	0	0	0	0	0	0	0	0	0	0	0	0	0	0	0	0	0	0	0	0	0	0	0	0	0	0	0	0	0	0	0	0	0	0	0	0	0	0	0	0	0	0	0	0	0	0	0	0	0	0	0	0	0	0	0	0	0	0	0	0	0	0	0	0	0	0	0	0	0	0	0	0	0	0	0	0	0	0	0	0	0	0	0	0	0	0	0	0	0	0	0	0	0	0	7852	0	0	0	0	0	0	0	0	0	0	0	0	0	0	0	0	0	0	0	15902891	295722	0	7927	1157291	0	10169	210619	1765910	0	0	0	10661	5255056	10274
D20923PRE	3353455	0	1906846	30527899	0	0	0	0	0	0	0	0	0	0	11736	0	0	0	0	0	0	0	0	0	0	0	0	0	0	0	0	0	0	0	0	0	0	0	0	0	0	0	0	0	0	0	0	0	0	0	0	0	0	0	0	0	0	0	0	0	0	0	0	0	0	0	0	0	0	0	0	0	0	0	0	0	0	0	0	0	0	0	0	0	0	8110	0	0	0	0	0	0	0	0	0	0	0	0	0	0	0	0	0	0	0	0	0	0	0	0	0	0	0	0	0	0	0	0	0	0	0	0	0	0	0	0	0	0	0	0	0	0	0	0	0	0	0	0	0	0	0	0	0	0	0	0	0	0	0	0	0	39126	0	0	17671146	2186505	0	0	2867716	0	0	103661	269729	0	0	15780	3162	923262	0
D21044D10	128288	0	3561654	267685	0	0	0	0	0	0	0	0	0	0	13043	0	0	0	0	0	0	0	0	0	0	0	0	0	0	0	0	0	15757	0	0	0	0	0	0	0	0	0	0	0	0	0	0	0	0	0	0	0	0	0	0	0	0	0	0	0	0	0	0	0	0	0	0	0	0	0	0	0	0	0	0	0	0	0	0	0	0	0	0	0	0	0	0	0	0	0	0	0	0	0	0	0	0	0	0	0	0	0	0	0	0	0	7616	0	0	0	0	0	0	0	0	0	0	0	0	0	0	0	0	0	0	0	0	0	0	0	0	0	0	0	0	0	0	0	0	4746	0	0	0	0	0	0	0	0	0	0	0	0	0	0	11293408	712580	635656	0	9799918	0	0	0	23332	0	0	0	165588	1449191	14158
D21044D102	158392	0	3787348	5421708	43387	0	0	0	0	0	0	0	0	0	16429	0	0	0	0	0	0	0	0	0	0	0	0	0	0	10597	0	0	0	0	0	0	0	0	0	0	0	0	0	0	0	0	0	0	0	0	0	0	0	0	0	0	0	0	0	0	5216963	0	6236	0	676559	0	0	0	0	0	0	0	0	0	0	0	0	0	0	0	0	0	0	0	0	0	0	0	0	0	169235	13542	0	0	0	0	0	0	0	0	0	0	0	0	0	0	0	0	0	0	0	0	0	0	0	0	0	0	0	85216	0	0	0	0	0	0	0	0	0	0	0	0	0	0	11723	0	0	0	0	0	0	0	0	0	0	0	12306	0	0	0	0	0	0	0	19789694	1811258	0	0	891812	0	0	6120605	387615	0	0	0	306717	4600283	11146
D21044D20	7394	0	45585075	5377145	0	0	0	0	0	0	0	0	0	0	0	0	0	0	0	0	0	0	0	0	0	0	0	0	0	0	0	0	0	0	0	0	0	0	0	0	0	0	0	0	0	0	0	0	0	0	0	0	0	0	0	0	0	0	0	0	0	0	0	0	0	0	0	0	0	0	0	0	0	0	0	0	0	0	0	0	0	0	0	0	0	0	0	0	0	0	0	0	0	0	0	0	0	0	0	0	0	0	0	0	0	0	0	0	0	0	0	0	0	0	0	0	0	0	0	0	0	0	0	0	0	0	0	0	0	0	0	0	0	0	0	0	0	0	0	0	0	0	0	0	0	0	0	0	0	0	0	0	0	0	4858218	11936	0	0	81391	0	0	72148	286440	0	0	0	0	17528	11270
D21044D27	16592	0	28492959	7931264	0	0	0	0	0	0	0	0	0	0	28640	0	0	0	0	0	0	0	0	0	0	0	0	0	0	0	0	0	0	0	0	0	0	0	0	0	0	0	0	0	0	0	0	0	0	0	0	0	0	0	0	0	0	0	0	0	0	0	0	0	0	0	0	0	10075	0	0	0	0	0	0	0	0	0	0	0	0	0	0	0	0	0	0	0	0	0	0	0	0	0	0	0	0	0	0	0	0	0	0	0	0	0	10947	0	0	0	0	0	0	0	0	0	0	0	0	0	0	0	0	0	0	0	0	0	0	0	0	0	0	0	0	0	0	0	0	4543	0	0	0	0	0	0	39297	0	0	0	0	0	0	0	18049512	1985746	0	0	1335381	0	0	49422	103199	0	0	0	0	3739239	10190
D21044D60	47653	0	7722150	16690055	0	0	0	0	0	0	0	0	0	0	11956	0	0	0	0	0	0	0	0	0	0	0	0	0	0	0	0	0	0	0	0	0	0	0	0	0	0	0	0	0	0	0	0	0	0	0	0	0	0	0	0	0	0	0	0	0	0	0	0	0	0	0	0	0	0	0	0	0	0	0	0	0	0	0	0	0	0	0	0	0	0	0	0	0	0	0	0	0	0	0	0	0	0	0	0	0	0	0	0	0	0	13618	0	0	0	0	0	0	0	0	0	0	0	0	0	0	0	0	0	0	0	0	0	0	0	0	0	0	0	0	9842	0	0	0	0	0	0	0	0	0	0	0	19655	0	0	0	0	0	0	0	14434269	224978	0	0	152364	0	0	88154	488164	0	0	0	16983	2769796	10377
D21044PRE	72639	0	2097616	3497625	0	0	0	0	0	0	0	0	0	0	16727	0	0	0	0	0	0	0	0	0	0	0	0	0	0	0	0	0	0	0	0	0	0	0	0	0	0	0	7825	0	0	0	0	0	0	0	0	0	0	0	0	0	0	0	0	0	0	23206	0	0	1796553	8919	0	5731	60959	0	0	0	0	0	0	0	0	0	0	0	0	0	21415	0	0	0	0	0	0	0	0	0	0	0	0	0	0	0	0	0	0	0	0	0	0	0	0	0	0	0	0	0	0	0	0	0	0	0	0	0	0	0	0	0	0	0	0	0	0	0	0	0	0	0	9412	0	0	0	0	0	0	0	0	0	0	0	85526	0	0	0	0	0	0	0	20068904	985835	0	0	4965127	0	0	17812	130354	0	0	0	110553	4314320	0
D21276D-2	51455	0	1503099	349269	0	0	0	0	0	0	0	0	0	0	0	0	0	0	0	0	0	0	0	0	0	0	0	0	0	0	0	0	0	0	0	0	0	0	0	0	0	0	0	0	0	0	0	0	0	0	0	0	0	0	0	0	0	0	0	0	0	0	0	0	0	0	0	0	0	0	0	0	0	0	0	0	0	0	0	0	0	0	0	0	0	0	0	0	0	0	0	0	0	0	0	0	0	0	0	0	0	0	0	0	0	0	0	0	0	0	0	0	0	0	0	0	0	0	0	0	0	0	0	0	0	0	0	0	0	0	0	0	0	0	0	0	0	0	0	0	0	0	0	0	0	0	0	0	0	0	0	0	0	0	9888367	7096	0	0	79742	0	0	15746704	12731	0	0	0	0	12486385	13630
D21276D13	52650	0	7091760	39800952	0	0	0	0	0	0	0	0	0	0	0	0	0	0	0	0	0	0	0	0	0	0	0	0	0	0	0	0	0	0	0	0	0	0	0	0	0	0	0	0	0	0	0	0	0	0	0	0	0	0	0	0	0	0	0	0	0	0	0	0	0	0	0	0	0	0	0	0	0	0	0	0	0	0	0	0	0	0	0	0	0	0	0	0	0	0	0	0	0	0	0	0	0	0	0	0	0	0	0	0	0	0	0	0	0	0	0	0	0	0	0	0	0	0	0	0	0	0	0	0	0	0	0	0	0	0	0	0	0	0	0	0	0	0	0	0	0	0	0	0	0	0	0	0	0	0	0	0	0	0	3714372	44091	438801	0	54318	0	0	1706483	11714	0	0	0	13342	5425316	0
D21276D183	32841	0	427356	18943320	0	0	0	0	0	0	0	0	0	0	0	0	0	0	0	0	0	0	0	0	0	0	0	0	0	0	0	0	0	0	0	0	0	0	0	0	0	0	0	0	0	0	0	0	0	0	0	0	0	0	0	0	0	0	0	0	0	0	0	0	0	0	0	0	0	0	0	0	0	0	0	0	0	0	0	0	0	0	0	0	0	0	0	0	0	0	0	0	0	0	0	0	0	0	0	0	0	0	0	0	0	0	9165	0	0	0	0	0	0	0	0	0	0	0	0	0	0	0	0	0	0	0	0	0	0	0	0	0	0	0	0	0	0	0	0	0	0	0	19327	0	0	0	0	0	0	0	0	0	0	0	14643855	211978	75754	0	1038238	0	9633	1413820	217102	0	29988	0	29476	5599561	11252
D21276D30	144261	0	973791	13053156	0	0	0	0	0	0	0	0	0	0	0	0	0	0	0	0	0	0	0	0	0	0	0	0	0	0	0	0	0	0	0	0	0	0	0	0	0	0	0	0	0	0	0	0	0	0	0	0	0	0	0	0	0	0	0	0	0	0	0	0	0	0	0	0	0	0	0	0	0	0	0	0	0	0	0	0	0	0	0	0	0	0	0	0	0	0	0	0	0	0	0	0	0	0	0	0	0	0	0	0	0	0	0	0	0	0	0	0	0	0	0	0	0	0	0	0	0	0	0	0	0	0	0	0	0	0	0	0	0	0	0	0	0	0	0	0	0	0	0	0	0	0	0	0	0	0	0	0	0	0	25514723	7616	739710	0	5441441	0	0	6706233	2552202	0	173705	0	15516	13262748	10466
D21276D5	600591	9463	2424184	17646256	0	0	0	0	0	0	0	0	0	0	10767	0	0	0	86705	0	0	0	0	0	0	0	0	0	0	0	0	0	0	0	0	0	0	0	0	0	0	0	0	0	0	0	0	0	0	0	0	0	0	0	0	0	0	0	0	0	0	0	0	0	0	9579	0	0	11836	0	0	0	0	0	8741	0	0	0	0	0	0	0	0	0	0	0	0	0	0	0	0	0	0	0	0	0	0	0	0	0	0	0	0	0	0	0	15488	0	0	0	0	0	0	0	0	0	0	0	0	0	0	0	0	0	0	0	0	0	0	0	0	0	0	0	0	0	0	0	0	4049	0	0	0	0	0	0	0	0	0	0	0	0	0	0	10127141	1096685	461744	0	506438	0	0	5130941	2765047	0	683476	10088	24986	11235793	17731
D21276D57	33343	0	303687	17742751	0	0	0	0	0	0	0	0	0	0	7564	0	0	0	0	0	0	0	0	0	0	0	0	0	0	0	0	0	0	0	0	0	0	0	0	0	0	0	0	0	0	0	0	0	0	0	0	0	0	0	0	0	0	0	0	0	0	0	0	0	11803	0	0	0	0	0	0	0	0	0	0	0	0	0	0	0	0	0	0	0	0	0	0	0	0	0	0	0	0	0	0	0	0	0	0	0	0	0	0	0	0	0	0	0	0	0	0	0	0	0	0	0	0	0	0	0	0	0	0	0	0	0	0	0	0	0	0	0	0	0	0	0	0	0	0	0	0	0	0	0	0	0	0	0	0	0	0	0	0	0	6737456	72311	798880	0	385107	0	0	1685976	199786	0	749576	0	0	7395240	11548
D21276D89	940848	0	7036795	154337	16457	0	0	0	0	0	0	0	0	0	0	0	0	0	0	0	0	0	0	0	0	0	0	0	0	0	0	0	0	0	0	0	0	0	0	0	0	0	0	0	0	0	0	0	0	0	0	0	0	0	0	0	0	0	0	0	0	0	0	0	0	0	0	0	0	0	0	0	0	0	0	0	0	0	0	0	0	0	0	0	0	0	0	0	0	0	0	0	0	0	0	6047	0	0	0	0	0	0	0	0	9240	0	9094	0	0	0	0	0	0	0	0	0	0	0	0	9013	0	0	0	0	0	0	0	0	0	0	0	0	0	0	0	0	0	0	0	0	0	0	0	0	0	0	0	0	0	0	0	0	0	0	4079570	108193	11498	0	77516	0	0	41658	2491133	0	0	12177	10556	32446025	16514
D21276PRE	51142	0	199122	25459026	0	0	0	0	0	0	0	0	0	0	19898	0	0	0	200134	0	0	0	0	0	0	0	0	0	0	0	0	0	0	0	0	0	0	0	0	0	0	0	0	0	0	0	0	0	0	0	0	0	0	0	0	0	0	0	0	0	0	0	0	0	0	23810	0	0	10399	0	0	0	0	0	9480	0	0	0	0	0	0	0	0	0	0	0	0	0	0	0	0	0	0	0	0	0	0	0	0	0	0	0	0	0	0	0	0	14682	0	0	0	0	0	0	0	0	0	0	0	24649	0	0	0	0	0	0	0	0	0	0	0	0	0	0	11746	0	0	0	0	0	0	0	0	0	0	0	0	0	0	0	0	0	0	0	20605668	1053358	431953	0	1390519	0	0	570253	18309	0	0	0	984151	8883046	13870
D21281D2	77062	0	596320	27692938	0	0	0	0	0	0	0	0	0	0	12790	0	0	0	0	0	0	0	0	0	0	0	0	0	0	0	0	0	0	0	0	0	0	0	0	0	0	0	0	0	0	0	0	0	0	0	0	0	0	0	0	0	0	0	0	0	0	0	0	0	0	0	0	0	0	0	0	0	0	0	0	0	0	0	0	0	0	0	0	0	0	0	0	0	0	0	0	0	0	0	0	0	0	0	0	0	0	0	0	0	0	0	0	0	0	0	0	0	0	0	0	0	0	0	0	0	0	0	0	0	0	0	0	0	0	0	0	0	0	0	0	0	0	0	0	0	0	0	0	0	0	0	0	0	0	0	0	0	0	0	4592345	8694	0	0	1476957	0	0	0	314313	0	0	0	21594	12673646	0
D21281D49	801598	0	14647352	3817531	0	0	0	0	0	0	0	0	0	0	13896	0	0	0	0	0	0	0	0	0	0	0	0	0	0	0	0	0	0	0	0	0	0	0	0	0	0	0	0	0	0	0	0	0	0	0	0	0	0	0	0	0	0	0	0	0	0	6108	0	0	1384015	0	0	5599	0	0	0	0	0	523329	0	0	0	0	0	0	0	0	13831	0	0	0	0	0	0	0	0	0	0	0	0	0	0	0	0	0	0	0	0	0	0	0	0	0	0	0	0	0	0	0	0	0	0	0	0	0	0	0	0	14592	0	0	0	0	0	0	0	60004	0	0	4548	0	0	0	0	0	0	0	0	0	0	0	16957	0	0	0	0	0	0	0	18120661	481469	0	27866	1634185	0	0	63414	150678	0	0	0	46322	7885692	0
D21281PRE	371963	0	1807863	2303735	0	0	0	11029	0	0	0	0	0	0	35469	0	0	0	0	0	0	0	0	0	0	0	0	0	0	0	0	0	31971	0	0	0	0	0	0	0	0	0	0	0	0	0	0	0	0	0	0	0	0	0	0	0	0	0	0	0	0	0	21707	0	1964967	7553	0	0	40883	0	0	0	0	67397	0	0	0	0	0	0	0	0	0	0	0	0	0	0	0	0	0	0	0	0	0	0	0	0	0	0	0	0	0	0	0	0	15545	0	0	9250	0	0	0	0	0	0	0	0	0	0	0	0	0	0	0	0	0	0	0	0	0	26809	0	0	16230	0	0	0	0	12668	0	0	0	0	0	0	10771	0	0	0	0	0	0	0	29255288	3311606	0	0	6945178	0	0	17869	51450	0	0	11121	76725	8583195	13563
D21309D0	310931	0	1219667	523551	0	0	0	0	0	0	0	0	0	0	0	0	0	0	0	0	0	0	0	0	0	0	0	0	0	0	0	0	0	0	0	0	0	0	0	0	0	0	0	0	0	0	0	0	0	0	0	0	0	0	0	0	0	0	0	0	0	0	0	0	0	0	0	0	0	0	0	0	0	12127	0	0	0	0	0	0	0	0	0	0	0	0	0	0	0	0	0	0	0	0	0	0	0	0	0	0	0	0	0	0	0	66460	0	0	0	0	0	0	0	0	0	0	0	0	0	0	0	0	0	0	0	0	0	0	0	0	0	0	0	0	0	0	0	0	15198	0	0	0	0	0	0	0	0	0	0	0	0	0	0	0	44982007	27678	0	0	53508	0	0	97996	9148	0	0	6836	0	9488279	28210
D21309D10	217610	0	1874063	470431	0	0	0	0	0	0	0	0	0	0	0	0	0	0	0	0	0	0	0	0	0	0	0	0	0	0	0	0	0	0	0	0	0	0	0	0	0	0	0	0	0	0	0	0	0	0	0	0	0	0	0	0	0	0	0	0	0	0	0	0	0	0	0	0	0	0	0	0	0	0	0	0	0	0	0	0	0	0	0	0	0	0	0	0	0	0	0	0	0	0	0	0	0	0	0	0	0	0	0	0	0	0	0	0	0	0	0	0	0	0	0	0	0	0	0	0	0	0	0	0	0	0	0	0	0	0	0	0	0	0	0	0	0	0	0	0	0	0	0	0	0	0	0	0	0	0	0	0	0	0	29167222	27541	0	0	243266	0	16274	0	58370	0	12343	6842	0	16099236	17683
D21309D15	6289	0	166765	2245549	0	0	0	0	0	0	0	0	0	0	0	0	0	0	0	0	0	0	0	0	0	0	0	0	0	0	0	0	0	0	0	0	0	0	0	0	0	0	0	0	0	0	0	0	0	0	0	0	0	0	0	0	0	0	0	0	0	0	0	0	0	0	0	0	0	0	0	0	0	0	0	0	0	0	0	0	0	0	0	0	0	0	0	0	0	0	0	0	0	0	0	0	0	0	0	0	0	0	0	0	0	0	0	0	0	0	0	0	0	0	0	0	0	0	0	0	0	0	0	0	0	0	0	0	0	0	0	0	0	0	0	0	0	0	0	0	0	0	0	0	0	0	0	0	0	0	0	0	0	0	691451	0	0	0	0	0	0	21469	308274	0	0	0	0	16939945	5253366
D21309D181	32922	0	125270	14880497	0	0	0	0	0	0	0	46229	0	0	42757	0	9229	0	0	0	0	0	0	0	0	0	0	0	0	0	0	0	0	0	0	0	0	0	0	0	0	0	0	9644	0	0	0	0	0	0	0	0	0	0	0	0	0	0	0	0	4211592	4438	12724	0	311089	18022	0	5234	47742	0	0	0	11628	87915	160794	0	0	0	0	0	36138	0	0	0	0	0	0	0	0	0	14889	0	0	0	0	0	0	0	0	0	7862	5704	0	0	0	0	0	0	101458	0	0	0	0	11556	0	9801	0	0	0	10669	0	0	0	0	0	2847	0	0	0	0	0	43916	0	0	10526	0	0	0	0	0	0	0	0	0	0	0	11775	0	0	0	0	0	0	44519	17567612	398005	21296	0	469902	0	0	4192823	207451	0	11295	0	206688	6069694	388477
D21309D22	257420	0	3899033	1396334	0	0	0	0	0	0	0	0	0	0	0	0	0	0	0	0	0	0	0	0	0	0	0	0	0	0	0	0	0	0	0	0	0	0	0	0	0	0	0	0	0	0	0	0	0	0	0	0	0	0	0	0	0	0	0	0	0	0	0	0	0	0	0	0	0	0	0	0	0	0	0	0	0	0	0	0	0	0	0	0	0	0	0	0	0	0	0	0	0	0	0	0	0	0	0	0	0	0	0	0	0	0	0	0	0	0	0	0	0	0	0	0	0	0	0	0	0	0	0	0	0	0	0	0	0	0	0	0	0	0	0	0	0	0	0	0	0	0	0	0	0	0	0	0	0	0	0	0	0	0	625086	7675	0	7568	44781	0	0	650530	8389	0	0	0	128483	344354	5874456
D21309D29	67497	0	4120092	8576790	0	0	0	0	0	0	0	96332	0	0	12094	0	0	0	0	0	0	0	0	0	0	0	0	0	0	0	0	0	0	0	0	0	0	0	0	0	0	0	0	0	0	0	0	0	0	0	0	0	0	0	0	0	0	0	0	0	10284	0	10879	0	0	0	0	5342	10351	0	0	8743	14835	62222	743358	0	0	0	0	0	0	0	0	0	0	0	0	0	0	0	0	0	0	0	0	0	0	0	0	0	0	0	0	0	0	11926	0	0	0	0	0	0	0	45445	0	0	0	0	0	0	0	0	0	0	0	0	0	0	0	0	0	158237	0	0	0	0	0	0	457740	0	0	0	0	0	0	0	21444	0	0	0	0	0	0	0	36456278	1625987	0	11266	623414	0	0	9337	227285	0	0	0	325483	9225752	153742
D21309D365	125048	0	113599	7713129	12345	0	0	0	0	0	0	31152	0	0	29857	0	10584	0	0	8762	0	0	0	0	0	0	11406	0	0	0	0	0	0	4305	0	0	0	0	0	0	0	0	0	40775	0	11726	0	30078	17171	5857	0	0	0	0	0	0	0	0	0	0	0	4556	10200	0	0	39515	0	5575	104499	0	0	7841	29379	481947	121966	0	0	0	0	4995	122284	0	0	0	0	0	0	0	0	0	4111	0	0	4459	0	0	0	0	0	0	0	4868	0	0	0	10709	0	0	99993	0	0	0	0	23916	0	10020	0	0	0	79224	0	0	0	0	0	2691	0	0	0	0	0	197741	0	0	0	0	0	0	1319346	0	0	6453	0	0	0	0	18783	0	0	0	0	0	0	37508	30617216	748298	8927	0	576537	0	0	2166352	337890	11831	10961	0	254689	6083042	434990
D21309D58	104946	0	215542	22685113	0	0	0	0	0	0	0	96901	0	0	11601	0	0	0	0	0	0	0	0	0	0	0	0	0	0	0	0	0	0	0	0	0	0	0	0	0	0	0	0	0	0	0	0	0	0	0	0	0	0	0	0	0	0	0	0	0	0	0	0	0	0	0	0	0	0	0	0	17472	0	8389	1273063	0	0	0	0	0	0	0	0	0	0	0	0	0	0	0	0	0	0	0	0	0	0	0	0	0	0	0	0	0	0	35398	0	0	113679	0	0	0	0	0	0	0	0	0	0	0	0	0	0	0	0	0	0	0	0	0	0	0	0	0	0	0	0	0	0	0	0	0	0	0	0	0	0	0	0	0	0	0	0	0	20290721	26986	0	0	106622	0	0	20899	480638	0	0	0	0	8396927	11532
D21309PRE	32426	0	1039725	3575656	0	0	0	0	0	0	0	51710	0	0	29427	0	8057	0	0	0	0	0	0	0	0	0	0	0	39002	0	0	0	0	0	0	0	0	0	0	7192	0	0	0	15546	0	0	0	12327	12264	0	0	0	0	8165	0	5933	8653	0	0	0	6182605	0	5390	0	0	17634	0	0	24928	0	0	0	18973	217714	22984	0	0	0	0	4887	11385	0	0	0	0	0	0	0	0	0	108733	0	0	0	0	0	0	0	0	0	4701	0	0	0	0	0	0	0	152436	0	0	0	0	33534	0	20275	0	0	0	24527	0	0	0	0	0	0	0	0	0	0	0	99479	0	0	0	0	0	0	700704	0	0	0	0	0	0	0	11617	0	0	0	0	0	0	11933	21689320	1527812	119331	0	1084550	0	0	347444	275490	0	0	0	103361	5676119	3151761
D21376D20	169356	0	846911	21153223	26597	0	0	0	0	0	0	8173	0	0	11723	0	0	0	0	0	0	0	0	0	0	0	0	0	0	0	0	0	0	0	0	0	0	0	0	0	0	0	0	0	0	0	0	0	0	0	0	0	0	0	0	0	0	0	0	0	0	0	0	0	0	0	0	0	0	0	0	18987	0	11310	292419	0	0	0	0	0	0	0	0	0	0	0	0	0	0	0	0	0	0	0	0	0	0	0	0	0	0	0	0	0	0	0	0	0	0	0	0	0	0	0	0	14496	0	0	0	0	0	0	0	0	0	0	0	0	0	0	0	0	0	0	3280	0	0	0	0	0	0	0	0	0	0	0	0	0	0	0	0	0	0	0	10803706	792708	118564	0	5121645	0	0	0	174352	0	28666	0	0	5787523	1367749
D21376D358	702946	0	5720453	10559621	18227	0	0	32364	0	9760	0	0	0	0	26530	0	0	0	0	0	0	0	0	0	0	0	0	4464	0	0	0	0	0	0	0	0	0	1074458	0	0	0	4356	0	0	12045	0	0	0	0	0	0	11896	0	0	0	0	0	0	0	0	0	3995	25524	0	892538	9707	0	4890	5996	0	0	0	0	43448	1372251	0	0	0	0	5795	0	0	0	0	0	0	0	0	0	0	0	5146	8794	0	0	0	0	341612	0	0	0	0	0	0	0	0	0	0	0	0	0	0	0	0	0	0	0	0	0	142019	0	0	0	0	0	0	5649	0	0	0	0	30871	0	0	0	0	0	0	0	0	0	0	0	0	27840	5066	8718	0	0	0	14537	0	0	0	28804245	1467749	60777	0	1483452	0	0	18186	13014	0	0	0	886016	7487602	457282
D21376D50	68566	0	203132	13248066	41098	0	0	0	0	26057	0	27991	0	17190	27766	0	0	0	0	0	23266	0	0	0	0	5756	30742	8216	0	0	0	0	0	0	0	10814	7130	639346	0	0	7346	0	7000	0	0	37126	22197	0	15582	0	0	11650	0	0	6292	0	0	0	0	0	0	4498	10013	0	0	11105	12299	5533	10015	44576	16296	7293	19915	1567873	236946	15294	44103	0	0	7586	793977	0	0	0	113910	0	0	12920	0	0	0	0	0	10071	189178	0	0	0	0	0	0	7901	0	0	0	12839	0	0	0	0	0	0	0	54418	13962	466636	128654	10957	0	104287	0	0	6676	0	49040	0	0	0	0	0	0	27296	0	0	7561	0	0	0	0	0	21988	0	0	0	22403	0	13895	0	0	6741	0	0	24056	0	24009815	1361414	400880	0	887105	0	0	0	8439	0	58592	6472	70981	6201738	446027
D21376D6	141723	0	2980497	6405387	0	0	0	0	0	0	0	0	0	0	8039	0	0	0	0	0	15224	9502	0	0	0	0	0	0	0	0	0	0	0	0	0	0	0	0	0	0	0	0	0	0	0	0	0	0	0	0	0	10481	0	0	0	0	0	0	0	0	0	0	0	0	0	15681	0	4194	0	0	0	5931	197749	33160	28800	0	0	0	0	0	0	0	7007	0	0	0	0	0	0	0	0	9727	0	0	16344	0	0	0	0	0	0	0	0	0	0	12160	0	0	0	0	0	0	0	24328	0	12288	0	0	0	42518	0	0	0	0	0	0	0	0	0	0	0	0	0	0	0	0	0	0	0	0	0	0	0	0	0	0	10668	0	0	0	7940	0	9086	0	32789326	1648647	0	0	67118	0	0	20638	35271	0	0	0	197979	9012650	586861
D21376D95	852605	0	806271	16347890	33826	0	0	12860	0	20814	0	51158	0	10165	16965	0	0	0	76577	0	42774	0	0	0	0	4194	172353	0	0	0	0	0	0	0	6474	13672	8895	781336	6778	0	8814	4045	0	0	0	20559	27996	0	10911	0	0	37768	0	0	5608	0	0	0	0	0	0	5893	17822	0	0	32552	9071	6789	0	31395	19878	11815	137525	2075841	90822	0	83404	5717	0	11806	659111	0	7672	0	169900	0	0	15003	0	0	0	0	0	10845	115464	0	6946	0	0	0	0	7064	0	0	0	13506	9400	0	0	0	0	0	0	10253	375377	127924	97125	14067	0	61078	0	0	7065	0	7339	0	0	0	0	12481	0	46272	0	0	4953	0	0	0	0	0	7195	9723	0	0	43083	0	5442	0	0	10172	0	0	7878	17398	27128355	1421721	351024	0	404530	0	0	19875	28188	0	45760	0	321595	3581865	39737
D21376PRE	256251	0	1223111	3954787	63483	0	0	18703	8538	14423	0	19897	0	12678	26746	12564	0	7152	148370	0	29585	0	0	0	0	10728	331810	9984	232519	0	0	0	0	0	0	0	5706	207527	0	0	0	4182	0	0	0	20228	11531	0	11533	0	0	0	4130	0	9508	9794	0	1177961	274605	3971	11674	4154	6389	0	0	11255	14590	4631	40515	67898	15501	0	27859	1100936	47390	15971	39357	6963	0	14904	822578	0	7596	0	253590	0	0	33619	0	0	0	6219	0	13774	12126	0	0	0	0	0	0	7961	0	17127	0	22380	0	0	0	0	7566	0	0	54892	280226	226966	631421	26371	0	1616866	1917	24810	2450	0	21419	0	0	21667	0	154674	0	91078	0	0	7873	0	0	0	0	0	7769	16565	0	0	49375	0	14873	0	0	39178	0	0	66560	17809	15239974	2086535	286491	0	629595	0	0	16008	107563	0	61615	5979	277075	7017604	117443
D21590D19	16376	0	19896331	8764640	0	0	0	0	0	0	0	13765	0	0	0	0	0	0	0	0	0	0	0	0	0	0	0	0	0	0	0	0	24743	0	0	0	0	0	0	0	0	0	0	0	0	0	0	0	0	0	0	0	0	0	0	0	0	0	0	0	0	0	0	0	13730	0	0	0	0	0	0	0	0	0	0	0	0	0	0	0	0	0	0	0	0	0	0	0	0	0	0	0	0	0	0	0	0	0	0	0	0	0	0	0	0	0	11322	0	0	7424	0	0	0	0	0	387117	0	0	0	0	0	0	0	0	0	0	0	0	0	0	0	0	0	0	21031	0	0	0	21137	8987	0	0	0	0	0	0	0	0	0	0	0	0	0	0	9139157	84125	0	6101	3582950	0	26129	0	1186897	0	0	0	0	3721075	5568293
D21590D6	152485	0	710852	4720245	0	0	0	0	0	0	0	11565	0	0	23398	0	0	0	0	0	0	0	0	0	0	0	0	0	0	0	0	0	0	0	0	0	0	0	0	0	0	0	0	0	0	0	0	0	0	0	0	0	0	0	0	0	0	0	0	0	0	4198	0	0	0	0	0	0	0	0	0	0	0	0	0	0	0	0	0	0	0	0	0	0	0	0	0	0	0	0	0	0	0	0	0	0	0	0	0	0	0	0	0	0	0	0	0	0	0	0	0	0	0	0	0	645515	0	0	0	0	0	0	0	0	0	0	0	0	0	0	0	8768	0	0	0	0	0	0	0	0	0	0	0	0	0	0	0	0	0	0	0	0	0	0	24039844	2635563	0	0	1553623	0	0	14870	243682	0	0	0	12692	5173945	8749944
D21590D97	30155	0	73431	5022644	0	0	0	0	0	0	159740	11005	14891	0	22325	0	0	0	0	0	0	0	0	0	0	0	118343	0	0	0	78588	0	0	0	0	0	0	0	0	0	0	0	0	0	0	0	0	0	0	0	0	0	0	0	0	0	0	0	0	0	0	4450	9203	0	269435	24419	0	0	15697	0	0	8557	0	0	298654	0	0	0	0	18305	0	0	0	0	0	0	0	0	0	0	0	0	0	0	0	0	0	0	50670	0	0	0	0	0	0	0	0	0	0	0	0	0	0	0	0	840886	0	0	0	37874	0	0	0	0	0	0	0	0	0	0	0	0	0	0	9558	0	0	0	947518	0	0	0	0	0	0	0	8713	0	0	0	0	0	0	0	26671176	616373	0	0	1162791	0	0	428527	1334272	0	0	0	30687	9261995	3921209
D21590PRE	79194	0	277283	17198307	0	0	0	0	0	0	0	0	0	0	7539	0	0	0	0	0	0	0	0	0	0	0	15293	0	0	0	0	0	0	0	0	0	0	0	0	0	0	0	0	0	0	0	0	0	0	0	0	0	0	0	0	0	0	0	0	0	0	5554	0	0	0	0	0	0	0	0	0	7128	0	0	0	0	0	0	0	0	0	0	0	0	0	0	0	0	0	0	0	0	0	0	0	0	0	0	0	0	0	0	0	0	0	0	0	0	0	0	0	0	0	0	0	15975	0	0	0	0	0	0	0	0	0	0	0	0	0	0	0	0	0	0	0	0	0	0	0	0	0	0	0	0	0	0	0	0	0	0	0	0	0	0	21137700	127339	0	0	118453	0	0	17703	160577	0	0	0	0	6034087	10846
D21593D-3	7811692	0	482981	6023743	0	0	0	0	0	0	0	0	0	0	39267	0	0	0	242816	0	0	0	0	0	0	0	0	0	0	0	0	0	0	0	0	0	0	0	0	0	0	0	0	0	0	0	0	0	13076	0	0	0	0	0	0	0	0	0	0	0	0	6332	10547	0	0	0	0	4001	20842	0	0	6813	0	10325	822290	0	0	0	0	0	0	0	0	4134	0	0	0	0	0	0	0	0	0	0	10829	0	0	0	0	0	0	0	0	0	0	0	0	0	0	0	0	0	0	0	0	0	0	0	0	0	0	0	0	0	0	0	0	0	0	0	0	0	0	0	4317	0	0	0	0	0	0	0	0	0	0	0	29402	0	0	0	0	0	0	0	35279692	816453	0	0	802084	0	0	138154	271202	0	0	25200	274492	4103917	27417
D21593D7	2308505	0	207812	12896698	0	0	0	0	0	0	0	0	0	0	82505	0	0	0	17645	0	0	0	0	0	0	0	0	0	0	0	0	0	0	0	0	0	0	0	0	0	0	0	0	0	0	0	0	0	0	0	0	0	0	0	0	0	0	0	0	0	0	0	0	0	0	0	0	0	26382	0	0	6350	0	0	1832779	0	0	0	0	0	0	0	0	0	0	0	0	0	0	0	0	0	0	0	0	0	0	0	0	0	0	0	0	0	0	0	0	0	0	0	0	0	0	0	0	0	0	0	0	0	0	0	0	0	0	0	0	0	0	0	0	0	0	0	3648	0	0	0	0	0	0	0	0	0	0	0	12017	0	0	0	0	0	0	0	27169713	1230292	0	0	1343634	0	0	19200	2032434	0	0	29863	64558	1192148	0
D21593PRE	9352749	0	882357	5326139	0	0	0	0	0	0	0	0	0	0	12785	0	0	0	139736	0	0	0	0	0	0	0	0	0	0	0	0	0	0	0	0	0	0	0	0	0	0	0	0	0	0	0	0	0	0	0	0	0	0	0	0	0	0	0	0	0	0	3697	0	0	0	0	0	0	31377	0	0	6147	0	73058	1522381	0	0	0	0	0	0	0	0	0	0	0	0	0	0	0	0	0	0	0	9828	0	0	0	0	0	0	0	0	0	0	0	0	0	0	0	0	0	0	0	0	0	0	0	0	0	0	0	0	0	0	0	0	0	0	0	0	0	0	0	4434	0	0	0	0	0	0	0	0	0	0	0	21272	0	0	0	0	0	0	0	32105779	1201626	0	0	802517	0	0	443206	212157	0	0	24349	153746	1949974	12222
D21630D15	14324	0	39282218	2771685	0	0	0	0	0	0	0	0	0	0	0	0	0	0	0	0	0	0	0	0	0	0	0	0	0	0	0	0	0	0	0	0	0	0	0	0	0	0	0	0	0	0	0	0	0	0	0	0	0	0	0	0	0	0	0	0	0	0	0	0	0	0	0	0	0	0	0	0	0	0	0	0	0	0	0	0	0	0	0	0	0	0	0	0	0	0	0	0	0	0	0	0	0	0	0	0	0	0	0	0	0	0	11351	0	0	0	0	0	0	0	0	0	0	0	0	0	0	0	0	0	0	0	0	0	0	0	0	0	0	0	0	0	0	0	0	0	0	0	0	0	0	0	0	0	0	0	0	0	0	0	2435780	179877	1593525	0	2923037	0	0	0	16639	0	0	0	0	-2749860	15528
D21630D28	196269	0	5810025	622491	0	0	0	0	0	0	0	0	0	0	0	0	0	0	0	0	0	0	0	0	0	0	0	0	0	0	0	0	0	0	0	0	0	0	0	0	0	0	0	0	0	0	0	0	0	0	0	0	0	0	0	0	0	0	0	0	0	0	0	0	0	0	0	0	0	0	0	0	0	0	0	0	0	0	0	0	0	0	0	0	0	0	0	0	0	0	0	0	0	0	0	0	0	0	0	0	0	0	0	0	0	0	0	0	0	0	0	0	0	0	0	0	0	0	0	0	0	0	0	0	0	0	0	0	0	0	0	0	0	0	0	0	0	0	0	0	0	0	0	0	0	0	0	0	0	0	0	0	0	0	8852581	507937	1186944	0	29922180	0	0	21754	182696	0	0	14251	2737320	2351433	12883
D21630D35	254701	0	244014	2593243	0	0	0	0	0	0	0	0	0	0	0	0	0	0	0	0	0	0	0	0	0	0	0	0	0	0	0	0	0	0	0	0	0	0	0	0	0	0	0	0	0	0	0	0	0	0	0	0	0	0	0	0	0	0	0	0	0	0	0	0	0	0	0	0	0	0	0	0	0	0	0	0	0	0	0	0	0	0	0	0	0	0	0	0	0	0	0	0	0	0	0	0	0	0	0	0	0	0	0	0	0	0	0	0	0	0	0	0	0	0	0	0	0	0	0	0	0	0	0	0	0	0	0	0	0	0	0	0	0	0	0	0	0	0	0	0	0	0	0	0	0	0	0	0	0	0	0	0	0	0	15488610	37155	833586	0	22472038	0	0	0	66708	0	0	0	79521	1540125	0
D21630D57	19460	0	26558625	115954	0	0	0	0	0	0	0	0	0	0	0	0	0	0	0	0	0	0	0	0	0	0	0	0	0	0	0	0	0	0	0	0	0	0	0	0	0	0	0	0	0	0	0	0	0	0	0	0	0	0	0	0	0	0	0	0	0	0	0	0	0	0	0	0	0	0	0	0	0	0	0	0	0	0	0	0	0	0	0	0	0	0	0	0	0	0	0	0	0	0	0	0	0	0	0	0	0	0	0	0	0	0	0	0	0	0	0	0	0	0	0	0	0	0	0	0	0	0	0	0	0	0	0	0	0	0	0	0	0	0	0	0	0	0	0	0	0	0	0	0	0	0	0	0	0	0	0	0	0	0	170071	4307	0	0	0	0	0	0	8778	0	0	0	0	7042034	13900
D21630D8	61003	0	342745	3919994	0	0	0	9122	9290	0	0	0	0	0	5898	0	0	0	0	0	0	0	0	0	377719	0	0	0	0	0	0	9506	0	0	0	0	0	0	0	0	0	0	0	0	0	0	0	0	0	0	0	0	0	0	0	0	0	7639	0	0	0	0	6191	0	0	26858	0	0	21290	0	0	6583	26720	36618	15422	0	0	0	0	0	29064	0	0	0	0	0	69813	0	0	0	0	0	0	0	0	0	0	0	0	0	0	0	0	0	0	9915	0	0	0	0	0	0	0	0	0	0	0	0	0	0	0	0	0	0	0	0	5583	0	0	0	0	0	0	0	5129	0	0	0	13633	0	0	0	0	0	0	0	0	0	0	0	0	0	0	0	11251150	623009	42325	0	326284	0	0	1941200	201314	0	8636	0	73923	3585570	268331
D21630D96	105385	0	789141	14321490	40492	0	0	0	0	0	0	0	0	0	110354	0	0	0	0	0	0	0	0	0	0	0	0	0	0	21046	0	0	0	0	0	0	0	0	0	0	0	0	0	0	0	0	0	0	0	0	0	0	0	0	0	0	0	0	0	0	0	0	0	0	0	0	0	0	0	0	0	0	0	0	9374	0	0	0	0	0	0	0	0	0	0	0	0	0	0	0	0	0	0	0	0	0	0	0	0	0	0	0	0	0	0	0	0	0	0	0	0	0	0	0	0	11870	0	0	0	0	0	0	0	0	0	0	0	0	0	0	0	0	0	0	0	0	0	0	0	0	0	0	0	0	0	0	0	0	7563	0	0	0	0	0	13530288	436234	110496	0	6423176	0	6616	76269	606039	0	0	0	32843	912414	1542067
D21630PRE	725722	0	237421	15619098	62229	0	0	21568	0	0	0	42256	0	0	40036	0	0	0	0	0	0	0	0	0	0	0	0	0	20630	0	0	0	0	0	0	0	0	0	0	0	0	0	0	0	0	0	0	0	0	0	0	0	0	0	0	0	0	0	0	0	0	9734	0	0	0	43521	0	3864	0	0	0	0	0	0	148786	0	0	0	0	0	0	0	9262	0	0	0	0	0	0	0	0	0	0	0	0	0	0	0	0	0	0	0	0	0	0	32141	8576	0	0	0	0	0	0	0	0	14865	0	0	0	0	0	0	0	0	0	0	0	0	0	0	0	0	0	0	14858	0	0	0	0	0	0	0	0	0	0	0	9604	0	0	0	7959	0	0	0	25602351	1800965	253101	0	779425	0	0	18592	859893	0	0	0	77017	3502538	143291
D21685D0	2174213	0	1384980	62682	0	0	0	0	0	0	0	0	0	0	0	0	0	0	0	0	0	0	0	0	0	0	0	0	0	0	0	0	0	0	0	0	0	0	0	0	0	0	0	0	0	0	0	0	0	0	0	0	0	0	0	0	0	0	0	0	0	0	0	0	0	0	0	0	0	0	0	0	0	0	0	0	0	0	0	0	0	0	0	0	0	0	0	0	0	0	0	0	0	0	0	0	0	0	0	0	0	0	0	0	0	0	0	0	0	0	0	0	0	0	0	0	0	0	0	0	0	0	0	0	0	0	0	0	0	0	0	0	0	0	0	0	0	0	0	0	0	0	0	0	0	0	0	0	0	0	0	0	0	0	36665542	13825	0	0	3699227	0	0	0	6267	0	0	0	20473	9606923	0
D21685D15	2002806	0	895024	69653	0	0	0	0	0	0	0	0	0	0	0	0	0	0	0	0	0	0	0	0	0	0	0	0	0	0	0	0	0	0	0	0	0	0	0	0	0	0	0	0	0	0	0	0	0	0	0	0	0	0	0	0	0	0	0	0	5036	0	0	0	0	0	0	0	0	0	0	0	0	0	0	0	0	0	0	0	0	0	0	2721	0	0	0	0	0	0	0	0	0	0	0	0	0	0	0	0	0	0	0	0	0	0	0	0	0	0	0	0	0	0	0	0	0	0	0	0	0	0	0	0	0	0	0	0	0	0	0	20473	0	0	0	0	0	0	0	0	0	0	0	0	0	0	0	0	0	0	0	0	0	0	45439504	12418	0	0	2112318	0	0	0	19047	0	0	0	14718	8176720	10490
D21685D22	6831925	0	502232	14682	0	0	0	0	0	0	0	0	0	0	0	0	0	0	0	0	0	0	0	0	0	0	0	0	0	0	0	0	0	0	0	0	0	0	0	0	0	0	0	0	0	0	0	0	0	0	0	0	0	0	0	0	0	0	0	0	6282	0	0	0	0	0	0	0	0	0	0	0	0	0	0	0	0	0	0	0	0	0	0	3201	0	0	0	0	0	0	0	0	0	0	0	0	0	0	0	0	0	0	0	0	0	0	0	0	0	0	0	0	0	0	0	0	0	0	0	0	0	0	0	0	0	0	0	0	0	0	0	0	0	0	0	0	0	0	0	0	0	0	0	0	0	0	0	0	0	0	0	0	0	0	31713779	4401	0	0	711189	0	0	0	21674	0	0	0	16618	4325213	10581
D21685D30	5269142	0	449591	69817	0	0	0	0	0	0	0	0	0	0	0	0	0	0	0	0	0	0	0	0	0	0	0	0	0	0	0	0	0	0	0	0	0	0	0	0	0	0	0	0	0	0	0	0	0	0	0	0	0	0	0	0	0	0	0	0	0	0	0	0	378222	0	0	0	0	0	0	0	0	0	0	0	0	0	0	0	0	0	0	59364	0	0	0	0	0	0	0	5386	0	0	0	0	0	0	0	0	0	0	0	0	0	0	0	0	0	0	0	0	0	0	0	0	0	0	0	0	0	0	0	0	0	0	0	0	0	0	0	802531	0	0	0	0	0	0	0	0	0	0	0	0	0	0	33048	0	0	0	0	0	0	0	41143946	414703	0	0	2750781	0	0	40066	114223	0	0	0	177564	6887909	0
D21685D58	7345860	0	211548	29866	824201	0	0	0	0	0	0	0	0	0	0	0	0	0	0	0	0	0	0	0	0	0	0	0	0	0	0	0	0	0	0	0	0	0	0	0	0	0	0	0	0	0	0	0	0	0	0	0	0	0	0	0	0	0	0	0	0	0	70515	0	341371	0	0	5606	0	0	0	0	0	0	82126	0	0	0	0	0	0	0	0	60851	0	0	0	0	0	0	0	0	0	0	12793	0	0	0	0	0	0	0	0	0	0	0	0	0	0	0	0	0	0	0	0	0	0	0	260196	0	0	0	0	0	0	0	0	0	0	0	0	8080	0	0	4289	0	0	0	0	0	0	0	0	0	0	0	85663	0	0	0	0	0	0	0	48023373	452476	0	0	2890113	0	0	0	535245	0	0	0	165923	7058048	0
D21685D7	1306409	0	202818	34809	0	0	0	0	0	0	0	0	0	0	0	0	0	0	0	0	0	0	0	0	0	0	0	0	0	0	0	0	0	0	0	0	0	0	0	0	0	0	0	0	0	0	0	0	0	0	0	0	0	0	0	0	0	0	0	0	9851	0	0	0	0	0	0	0	43184	0	0	0	0	0	0	0	0	0	0	0	0	0	0	0	0	0	0	0	0	0	0	0	0	0	0	0	0	0	0	0	0	0	0	0	0	0	0	0	0	0	0	0	0	0	0	0	0	0	0	0	0	0	0	0	0	0	0	0	0	0	0	59427	0	0	0	0	0	0	0	0	0	0	0	0	0	0	0	0	0	0	0	0	0	0	43449450	7237	0	0	2243980	0	0	0	0	0	0	0	12122	7022358	0
D21685NPE	745061	0	916161	230316	235774	0	0	0	0	0	0	0	0	0	0	0	0	0	0	0	0	0	0	0	0	0	0	0	0	0	0	0	0	0	0	0	0	0	0	0	0	5996	0	0	0	0	0	0	0	0	0	0	0	0	0	0	0	0	0	0	15808	0	0	0	760729	0	0	0	25859	0	0	0	0	0	0	0	0	0	0	0	0	0	9328	34229	0	0	0	0	0	0	0	0	0	0	0	0	0	0	0	0	0	0	453318	0	0	0	13805	0	0	0	0	0	9074	0	0	0	0	0	0	248929	0	0	0	0	0	0	0	0	0	0	0	4365967	0	0	0	0	0	0	0	4624	0	0	0	0	0	0	26897	0	0	0	0	0	0	0	36204414	1573589	0	0	1355445	0	738483	3926372	826806	0	0	46333	0	3261255	18656
D21685PRE	1753016	0	85801	519941	289078	0	0	0	0	0	0	0	118423	0	0	0	0	0	0	0	0	0	0	0	0	0	7085	0	0	0	0	0	0	0	0	0	0	0	0	0	0	0	0	0	8969	0	0	0	0	0	0	0	0	0	0	0	0	0	0	0	0	0	11411	0	732292	27729	0	8339	36990	0	0	0	0	0	684083	0	19057	0	0	40049	0	0	5773	6066	0	0	0	0	149184	0	0	0	0	0	51271	0	0	0	0	0	0	0	0	0	0	0	0	0	0	0	0	0	0	0	0	0	0	0	56885	0	0	0	0	0	0	0	0	0	0	0	0	1565885	0	0	5567	0	0	0	0	0	0	0	0	0	41380	0	79344	0	36414	0	0	0	0	0	28579682	225316	0	0	2666046	0	0	26783	68668	0	0	0	574926	3641242	0
D21752D14	38716	0	9956408	10569107	0	0	0	0	0	0	0	0	0	0	0	0	0	0	0	0	0	0	0	0	0	0	0	0	0	0	0	0	0	0	0	0	0	0	0	0	0	0	0	0	0	0	0	0	0	0	0	0	0	0	0	0	0	0	0	0	0	0	0	0	0	0	0	0	0	0	0	0	0	0	0	0	0	0	0	0	0	0	0	0	0	0	0	0	0	0	0	0	0	0	0	0	0	0	0	0	0	0	0	0	0	0	0	0	0	0	0	0	0	0	0	0	0	0	0	0	0	0	0	0	0	0	0	0	0	0	0	0	0	0	0	0	12191	0	0	0	0	0	0	0	0	0	0	0	0	0	0	0	0	0	3650963	424417	34189	44564	3968485	0	0	87819	302670	0	0	6835	10749	4965422	14837
D21752PRE	20561	0	89871	7823568	0	0	0	0	0	0	0	0	0	0	23459	0	0	0	0	0	0	0	0	0	525131	0	0	0	0	0	0	0	0	0	0	0	0	0	0	0	0	0	6411	0	0	0	0	0	0	0	0	0	0	0	0	0	0	0	0	0	0	3683	0	0	0	35237	9248	5220	11351	0	0	10466	73236	87339	22383	0	0	3535	9949	0	0	0	0	0	0	0	0	0	0	0	0	10010	0	0	0	0	0	0	0	0	0	0	0	0	0	10081	0	0	0	0	0	0	0	38154	0	65396	0	0	0	73259	0	0	0	0	0	0	5489	0	0	0	0	0	0	0	0	0	19628	0	0	0	0	0	0	6113	0	11201	0	0	0	0	0	0	0	0	23628806	599798	34240	0	268392	0	0	24304	613257	0	0	0	86655	6842612	19969
D21754D12	180054	0	9170703	4096527	116956	0	0	0	0	0	0	0	0	0	0	0	0	0	0	0	0	0	0	0	0	0	0	0	0	0	0	0	0	0	0	0	0	0	0	0	0	0	0	0	0	0	0	0	0	0	0	0	0	0	0	0	0	0	0	0	0	0	0	0	0	0	0	0	0	0	0	0	0	0	0	0	0	0	0	0	0	0	7684	0	0	0	0	0	0	0	0	9291	0	0	0	0	0	0	0	0	0	0	0	0	0	13482	0	0	0	0	0	0	0	0	0	0	0	0	0	0	0	0	0	0	0	0	0	0	0	0	0	0	0	0	0	0	0	0	0	0	0	0	0	0	0	0	0	0	0	0	0	0	0	0	17977752	22903	0	0	2394825	0	0	20245	250444	0	0	6454	925673	12288152	35146
D21754D20	1275082	0	16864117	283669	0	0	0	0	0	0	0	0	0	0	8262	0	0	0	0	0	0	0	0	0	0	0	0	0	0	0	0	0	0	0	0	0	0	0	0	0	0	0	0	0	0	0	0	0	0	0	0	0	0	0	0	0	0	0	0	0	0	0	0	0	0	0	0	0	0	0	0	0	0	0	0	0	0	0	0	0	0	0	0	0	0	0	0	0	0	0	0	0	0	0	0	0	0	0	0	0	0	0	0	0	0	0	7120	0	0	0	0	0	0	0	0	0	0	0	0	0	0	0	0	0	0	0	0	0	0	0	0	0	0	0	0	0	0	0	0	0	0	0	0	0	0	0	0	0	0	0	0	0	0	0	12515140	217362	0	0	62143	0	0	14156	416519	0	0	0	203852	14305618	127354
D21754D26	581239	0	34042356	250950	13070	0	0	0	0	0	0	0	0	0	0	0	0	0	0	0	0	0	0	0	0	0	0	0	0	0	0	0	0	0	0	0	0	0	0	0	0	0	0	0	0	0	0	0	0	0	0	0	0	0	0	0	0	0	0	0	0	0	0	0	0	0	0	0	0	0	0	0	0	0	0	0	0	0	0	0	0	0	0	0	0	0	0	0	0	0	0	0	0	0	0	0	0	0	0	0	0	0	0	0	0	0	0	0	0	0	0	0	0	0	0	0	0	0	0	0	0	0	0	0	0	0	0	0	0	0	0	0	0	0	0	0	0	0	0	0	0	0	0	0	0	0	0	0	0	0	0	0	0	0	6536707	36904	0	0	346971	0	12696	5367388	346561	0	0	0	486546	7262055	19291
D21754D54	889845	0	10337637	3693752	132684	0	0	0	0	0	0	0	0	0	20065	0	0	0	0	0	0	0	0	0	0	0	0	0	0	0	0	0	0	0	0	0	0	0	0	0	0	0	0	0	0	0	0	0	0	0	0	0	0	0	0	0	0	0	0	0	0	0	14872	0	0	0	0	0	0	0	0	0	0	0	10744	0	0	0	0	0	0	0	4604	0	0	0	0	0	0	0	0	0	0	0	0	0	0	0	0	0	0	0	0	0	0	10347	0	0	0	0	0	0	0	0	0	0	0	0	0	0	0	0	0	0	0	0	0	0	0	0	0	0	0	0	3789	0	0	0	0	0	0	0	0	0	0	0	11317	0	0	0	0	0	0	0	26464203	344256	0	0	5423714	0	9439	12415	682683	0	0	0	2967014	12659395	0
D21754D8	155491	0	6850651	594637	174235	0	0	0	0	0	0	0	0	0	0	0	0	0	0	0	0	0	0	0	0	0	0	0	0	0	0	0	0	0	0	0	0	0	0	0	0	0	0	0	0	0	0	0	0	0	0	0	0	0	0	0	0	0	0	0	0	0	0	0	0	0	0	0	0	0	0	0	0	0	0	0	0	0	0	0	0	0	0	0	0	0	0	0	0	0	0	0	0	0	0	0	0	0	0	0	0	0	0	0	0	0	0	0	0	0	0	0	0	0	0	0	0	0	0	0	0	0	0	0	0	0	0	0	0	0	0	0	0	0	0	0	0	0	0	0	0	0	0	0	0	0	0	0	0	0	0	0	0	0	22310625	7232	0	0	203068	0	0	16152	785671	0	0	0	426848	9416480	29862
D21754PRE	99854	0	2278578	14959679	85735	0	0	0	0	0	0	33384	0	0	28513	0	0	0	0	0	0	0	0	0	0	0	0	0	0	0	0	0	0	0	0	0	0	0	0	0	0	0	0	0	0	0	0	0	13978	0	0	0	0	0	0	0	0	0	0	0	12773	0	27754	0	0	0	0	0	0	0	0	0	0	37832	582439	0	0	0	0	0	0	0	20486	0	0	0	0	0	0	0	0	20299	0	0	0	0	0	0	0	0	0	0	0	0	0	38052	0	0	0	0	0	0	0	0	0	14264	0	0	0	0	0	0	0	0	0	0	0	0	0	0	0	98648	0	0	0	0	0	0	0	0	0	0	0	0	0	0	21263	0	0	0	0	0	0	0	18349834	520979	0	0	7220252	0	0	39111	277607	0	0	0	1040499	6603002	7976263
